vzs_sifra,vzs_naziv,n_zanesljivih_tednov,popolna_vrsta,v_agregatu,opomba
1004P,Pregled ob neplodnosti - par - prvi,110,True,True,
1010P,Dermatološki pregled - prvi,110,True,True,
1011P,Venerološki pregled - prvi,110,True,True,
1012P,Flebološki pregled - prvi,110,True,True,
1018P,Kardiološki pregled - prvi,110,True,True,
1026P,Nevrološki pregled - prvi,110,True,True,
1033P,Ortopedski pregled - prvi,110,True,True,
1040P,Psihiatrična obravnava - prva,110,True,True,
1042P,Pregled ob odvajanju odvisnosti od prepovedanih drog - prvi,110,True,True,
1044P,Pregled ob odvajanju odvisnosti od alkohola - prvi,110,True,True,
1045P,Revmatološki pregled - prvi,110,True,True,
1050P,Urološki pregled - prvi,110,True,True,
1053P,Diabetološki pregled - prvi,110,True,True,
1056P,Alergološki pregled - prvi,110,True,True,
1057P,Kardiološki pregled otroka - prvi,110,True,True,
1062P,Alergološki pregled otroka - prvi,110,True,True,
1063P,Revmatološki pregled otroka - prvi,110,True,True,
1067P,Nevrološki pregled otroka - prvi,110,True,True,
1149,Operacija karpalnega kanala,110,True,True,
1151,Fenestracija hrbtenice,110,True,True,
1152,Operacija tumorja na hrbtenici,110,True,True,
1164,Druge nevrokirurške operacije,110,True,True,
1165,"Operacija prirojenih anomalij hrbtenjače in hrbteničnega kanala (meningokela, mielomeningokela,…)",0,False,False,
1176,Operacije na ščitnici in obščitnici,110,True,True,
1195,Operacija sive mrene (katarakte),110,True,True,
1209,Biopsija zunanjega ušesa,6,False,False,
1214,Kateterizacija Evstahijeve tube (ušesne troblje),92,False,False,
1215,Miringotomija,110,True,True,
1220,Miringoplastika,110,True,True,
1228,Biopsija nosne votline in/ali zgornjega žrela,39,False,False,
1231,Aspiracija in lavaža nosnih sinusov,0,False,False,
1232,Biopsija nosnih sinusov,5,False,False,
1234,Biopsija jezika,18,False,False,
1236,Biopsija žlez slinavk in izvodil,106,False,False,
1238,Biopsija ustne votline,35,False,False,
1239,Biopsija mandljev/žrelnice,0,False,False,
1240,Incizija in drenaža peritonzilarnega abscesa,0,False,False,
1241,Tonzilektomija/adenoidektomija,110,True,True,
1244,Biopsija žrela,1,False,False,
1246,Incizija in drenaža abscesov ali cist v ustni votlini,0,False,False,
1264,Drugi oralni operativni posegi,110,True,True,blok-izpad 25. 7. – 22. 8. 2024 (raven ~590 namesto ~1.860)
1265,Posegi v grlu,110,True,True,
1285,Aortokoronarni obvodi,110,True,True,
1286,Menjava srčne zaklopke,110,True,True,
1287,Aortokoronarni obvodi z menjavo srčne zaklopke,110,True,True,
1288,Operacije prirojenih srčnih napak,110,True,True,
1289,Operacija torakalne anevrizme,110,True,True,
1290,Operacija abdominalne aorte (anevrizma ali okluzija),110,True,True,
1291,Femoro - poplitealni obvod (bypass),110,True,True,
1292,Tea ACI,110,True,True,
1293,Druge žilne operacije (razen arterije),110,True,True,
1294,Revizije po žilnih operacijah (razen arterije),0,False,False,
1298,Ostale operacije na srcu,92,False,False,
1299,"Revizije po operacijah na srcu (krvavitve, tamponade,…)",0,False,False,
1301,PTCA (koronarna angiografija),110,True,True,
1303,Transkateterska embolizacija krvnih žil,110,True,True,
1304,Biopsija periferne arterije,0,False,False,
1305,Vstavitev venske valvule,108,False,False,
1306,Odstranitev venske valvule,0,False,False,
1308,Druge operacije na arterijah,110,True,True,
1309,Revizije po operacijah na arterijah,0,False,False,
1310,Sklerozacija krčnih žil,110,True,True,
1311,Operacija krčnih žil,110,True,True,
1327,Operacija žolčnih kamnov,110,True,True,
1342,Operacija kile,110,True,True,
1396,Ambulantna histeroskopija,110,True,True,
1397,"Kolposkopija, vaginoskopija",110,True,True,
1400,"Odvzem tkivnega vzorca za histopatološko diagnostiko predrakavih/rakavih sprememb materničnega vratu (biopsija, odščip)",110,True,True,
1402,"Biopsija vulve, perineja in/ali nožnice",110,True,True,
1442,Poseg na žrelu,110,True,True,
1443,Rekonstrukcija oblike obraza,0,False,False,
1444,Korekcija shize,0,False,False,
1446,Plastični poseg na ožilju,110,True,True,
1471,Elektroencefalografija (EEG),110,True,True,
1472,Nevromišična elektrodiagnostika (tudi elektromiografija EMG),110,True,True,
1604,Ortopedska operacija rame,110,True,True,
1606,"Operacija Dupuytrenove kontrakture (CD, fibromatoza dlančne fascije)",110,True,True,
1607,Operacija nožnega palca (hallux),110,True,True,
1608,Endoproteza gležnja,110,True,True,
1611,Operacija discus hernie,110,True,True,
1624,Endoproteza kolka delna (PEP)/totalna (TEP),110,True,True,
1625,Endoproteza rame delna (PEP)/totalna (TEP),110,True,True,
1626,Endoproteza kolena,110,True,True,
1640,Osteosinteza rame,11,False,False,
1641,Osteosinteza cervikalne hrbtenice,110,True,True,
1642,Osteosinteza torakolumbalne hrbtenice s kletko (cage),110,True,True,
1643,Osteosinteza hrbtenice (drugi posegi),110,True,True,
1662,Poseg na uhlju,61,False,False,
1664,Poseg na jeziku,110,True,True,
1669,CT glave brez KS,110,True,True,
1670,CT orbit brez KS,110,True,True,
1671,CT skeleta glave,105,False,False,
1672,CT srednjega ušesa in temporalke,110,True,True,
1673,CT obraznih kosti,110,True,True,
1674,CT obnosnih votlin brez KS,110,True,True,
1675,CT vratu brez KS,110,True,True,
1676,CT glave s KS,110,True,True,
1677,CT orbit s KS,88,False,False,
1678,CT skeleta glave s KS,51,False,False,
1679,CT obnosnih votlin s KS,110,True,True,
1680,CT vratu s KS,110,True,True,
1681,CT skeleta okončin,110,True,True,
1682,CT skeleta hrbtenice,101,False,False,
1683,CT cervikalne hrbtenice,110,True,True,
1684,CT torakalne hrbtenice,110,True,True,
1685,CT lumbo - sakralne hrbtenice,110,True,True,
1687,CT skeleta medenice,110,True,True,
1688,CT kolkov,110,True,True,
1689,CT SIS (sakroiliakalnega sklepa),105,False,False,
1691,CT kolena,110,True,True,
1692,CT rame,110,True,True,
1693,CT gležnja,110,True,True,
1695,CT po lSR brez KS,0,False,False,
1697,CT skeleta drugo - brez KS,110,True,True,
1698,CT - dentalni,22,False,False,
1699,CT pelvimetrija,0,False,False,
1700,CT skeleta okončin s KS,53,False,False,
1701,CT skeleta hrbtenice s KS,9,False,False,
1702,CT cervikalne hrbtenice s KS,80,False,False,
1703,CT torakalne hrbtenice s KS,86,False,False,
1704,CT lumbo - sakralne hrbtenice s KS,105,False,False,
1705,CT po mielografiji s KS,46,False,False,
1706,CT skeleta medenice s KS,54,False,False,
1707,CT artrografija rame s KS,110,True,True,
1708,CT artrografija - drugo s KS,99,False,False,
1709,CT po lSR s KS,0,False,False,
1710,CT hrbtenice z intratekalno aplik. KS,38,False,False,
1712,CT skeleta drugo s KS,78,False,False,
1713,CT prsnih organov brez KS,110,True,True,
1715,CT trebušnih organov brez KS,110,True,True,
1716,CT zgornjega abdomna brez KS,110,True,True,
1717,CT medeničnih organov brez KS,110,True,True,
1718,CT prsnega koša - pljuč HRCT,110,True,True,
1719,CT abdomna brez KS - drugo,110,True,True,
1720,CT pljuč protokol lungcare,110,True,True,
1722,CT širokega črevesa brez KS,110,True,True,
1723,CT ozkega črevesa brez KS,35,False,False,
1724,CT prsnih organov s KS,110,True,True,
1725,CT trebušnih organov s KS,110,True,True,
1726,CT zgornjega abdomna s KS,110,True,True,
1727,CT medeničnih organov s KS,110,True,True,
1728,CT jeter s portalnim ojačanjem,87,False,False,
1729,CT urografija - KS,110,True,True,
1730,CT širokega črevesa s KS,110,True,True,
1731,CT ozkega črevesa s KS,81,False,False,
1732,CTA torakalne aorte,110,True,True,
1733,CTA abdominalne aorte,110,True,True,
1734,CTA pelvičnih žil,110,True,True,
1735,CTA zgornjih okončin,110,True,True,
1736,CTA pljučnih arterij,110,True,True,
1737,CTA jeter,53,False,False,
1738,CTA ledvic,108,False,False,
1739,CTA selektivne angiografije,110,True,True,
1740,CTA aorto - cervikalna,110,True,True,
1741,CTA pelvičnih a. in a. spodnjih okončin,110,True,True,
1742,CTA torakalne in abdominalne aorte,110,True,True,
1743,CTA možganskih arterij,110,True,True,
1744,CTA venografija možganov,105,False,False,
1745,CTA venografija vratu,83,False,False,
1746,CTA venografija drugo,110,True,True,
1747,CTA srca - prikaz kalcinacij,110,True,True,
1748,CTA srca - prikaz morfoloških struktur,110,True,True,
1749,CTA srca - prikaz funkcije,110,True,True,
1750,CTA koronarnih arterij,110,True,True,
1755,MR glave brez kontrasta,110,True,True,
1756,MR obraza in drugo brez KS,110,True,True,
1757,MR vratu brez KS,110,True,True,
1758,MR multipla skleroza brez KS,110,True,True,
1759,MR glave s KS,110,True,True,
1760,MR obraza in drugo s KS,110,True,True,
1762,MR multipla skleroza s KS,110,True,True,
1763,MR vratu s KS,110,True,True,
1764,MR cervikalne hrbtenice,110,True,True,
1765,MR rame,110,True,True,
1766,MR torakalne hrbtenice,110,True,True,
1767,MR komolca,110,True,True,
1768,MR lumbosakralne hrbtenice,110,True,True,
1769,MR zapestja,110,True,True,
1770,MR roke,110,True,True,
1771,MR kolka,110,True,True,
1772,MR kolena,110,True,True,
1773,MR gležnja,110,True,True,
1774,MR stopala,110,True,True,
1776,MR skeleta brez KS - drugo,110,True,True,
1777,MR SIS (sakroliakalnega sklepa) brez KS,110,True,True,
1778,MR cervikalne hrbtenice s KS,110,True,True,
1779,MR torakalne hrbtenice s KS,110,True,True,
1780,MR komolca s KS,108,False,False,
1781,MR lumbosakralne hrbtenice s KS,110,True,True,
1782,MR rame s KS,110,True,True,
1783,MR zapestja s KS,110,True,True,
1784,MR roke s KS,110,True,True,
1785,MR kolka s KS,110,True,True,
1786,MR kolena s KS,110,True,True,
1787,MR gležnja s KS,110,True,True,
1788,MR stopala s KS,110,True,True,
1789,MR skeleta s KS - drugo,110,True,True,
1790,MR SIS (sakroliakalnega sklepa) s KS,110,True,True,
1791,MR prsnega koša,110,True,True,
1792,MR trebušnih organov,110,True,True,
1793,MR abdomna - drugo,110,True,True,
1794,MR zgornjega abdomna,110,True,True,
1795,MR medenice,110,True,True,
1796,MR jeter,110,True,True,
1797,MR dojke,110,True,True,
1798,MR prsnega koša s KS,110,True,True,
1799,MR trebušnih organov s KS,110,True,True,
1800,MR abdomna s KS - drugo,110,True,True,
1801,MR zgornjega abdomna s KS,110,True,True,
1802,MR medenice s KS,110,True,True,
1803,MR jeter s kontrastom,110,True,True,
1804,MR dojke s KS,110,True,True,
1805,MRA možganskega žilja - arterije TOF,110,True,True,
1806,MRA možganskega žilja - vene TOF,110,True,True,
1807,MRA aorto - cervikalna TOF,110,True,True,
1808,MRA torakalne aorte TOF,110,True,True,
1809,MRA abdominalne aorte TOF,110,True,True,
1810,MRA pljučnih arterij TOF,24,False,False,
1811,MRA pelvično žilje TOF,109,False,False,
1812,MRA ekstremiteti ( vsaka okončina posebej ) TOF,110,True,True,
1813,MRA renalno žilje TOF,96,False,False,
1814,MRA TOF - drugo,110,True,True,
1815,MRA možganskega žilja - arterije KS,110,True,True,
1816,MRA možganskega žilja - vene KS,110,True,True,
1817,MRA aorto - cervikalna KS,110,True,True,
1818,MRA torakalne aorte KS,110,True,True,
1819,MRA abdominalne aorte KS,110,True,True,
1820,MRA pljučnih arterij KS,39,False,False,
1821,MRA pelvično žilje KS,110,True,True,
1822,MRA pelvičnih a. In arterij spodnjih udov,110,True,True,
1823,MRA renalno žilje KS,104,False,False,
1824,MRA zgornje okončine s KS,83,False,False,
1825,MRA prsnega koša s KS,64,False,False,
1826,MRA hrbtenice s KS,60,False,False,
1827,MRA trebuha s KS,110,True,True,
1828,MRA medenice s KS,82,False,False,
1829,MRA drugih področij s KS,104,False,False,
1830,MRA pljučnih ven s KS,1,False,False,
1831,MR srca - prikaz morfoloških struktur brez KS,110,True,True,
1832,MR srca - prikaz funkcije brez KS,110,True,True,
1833,MR srca - prikaz morfoloških struktur s KS,110,True,True,
1834,MR srca - prikaz funkcije s KS,110,True,True,
1835,MR koronarnih arterij s KS,45,False,False,
1836,MRA srca in velikih žil - prikaz pretoka s KS,110,True,True,
1852,RTG prstov rok,110,True,True,
1853,RTG dlani,110,True,True,
1854,RTG zapestja,110,True,True,
1855,RTG os naviculare,13,False,False,
1856,RTG podlahti,109,False,False,
1857,RTG komolca,110,True,True,
1858,RTG nadlahti,110,True,True,
1859,RTG rame,110,True,True,
1860,RTG prstov nog,110,True,True,
1861,RTG stopala,110,True,True,
1862,RTG petnice,110,True,True,
1863,RTG gležnja,110,True,True,
1864,RTG goleni,110,True,True,
1865,RTG kolena,110,True,True,
1866,RTG pogačice,110,True,True,
1867,RTG stegnenice,110,True,True,
1868,RTG kolka,110,True,True,
1869,RTG medenice,110,True,True,
1870,RTG sakroiliakalnega sklepa - SIS,110,True,True,
1871,RTG cervikalne hrbtenice,110,True,True,
1872,RTG torakalne hrbtenice,110,True,True,
1873,RTG lumbosakralne hrbtenice,110,True,True,
1874,RTG hrbtenice v predelu L5 - S1,110,True,True,
1875,RTG trtice,110,True,True,
1876,RTG ključnice,110,True,True,
1877,RTG sternoklavikularnega sklepa,105,False,False,
1878,RTG lopatice,107,False,False,
1879,RTG reber,110,True,True,
1880,RTG prsnice (sternuma),110,True,True,
1881,RTG glave,110,True,True,
1882,RTG sinusov,110,True,True,
1883,RTG nosa,81,False,False,
1884,RTG po schullerju,65,False,False,
1885,RTG ličnice,56,False,False,
1886,RTG orbit,35,False,False,
1887,RTG spodnje čeljusti (mandibule),110,True,True,
1888,RTG pc,110,True,True,
1889,RTG abdomna,110,True,True,
1893,Nativno slikanje ledvic,42,False,False,
1894,Intravenska urografija - IVU,98,False,False,
1895,Retrogradna pielografija,13,False,False,
1898,Perkutana anterogradna pielografija,2,False,False,
1921,Angiografija (brez koronarne angiografije),110,True,True,
1926,RTG solzevodov,1,False,False,
1927,RTG prvega vratnega vretenca (dens),3,False,False,
1930P,Okulistični pregled zaradi očal - prvi,110,True,True,
1931,UZ vratu,110,True,True,
1933,UZ otroške glave,110,True,True,
1938,Doppler ehografija,110,True,True,
1941,UZ vratnih žil,110,True,True,
1943,UZ dojk obojestransko,110,True,True,
1944,UZ dojk enostransko,110,True,True,
1952,Usmerjen UZ srca,110,True,True,
1983,UZ sklepa,110,True,True,
1985,UZ kolka novorojenčkov,110,True,True,
1986,UZ kolka dojenčkov,110,True,True,
1991,UZ mehkih tkiv,110,True,True,
1992,UZ preiskava ene bezgavčne lože,110,True,True,
2006,Artroskopija kolena (diagnostična in terapevtska),110,True,True,
2017,"Mamografija (vključuje odčitavanje slike, izključuje preventivno presejanje)",110,True,True,
2072,Kriokauterizacija ali krioterapija (postopek v dermatologiji),110,True,True,
2077,Odstranitev polipov,110,True,True,
2104,Revizijska operacija kolka,110,True,True,
2105,Revizijska operacija kolena,110,True,True,
2106,Revizijska operacija ramena,110,True,True,
2107,Vertebroplastika,110,True,True,
2108,Operacija hrbtenice - dekompresija,110,True,True,
2109,Operacija hrbtenice - spondilodeza,110,True,True,
2160,Lažji posegi v otorinolaringologiji v lokalni anesteziji,110,True,True,
2161,Posegi na ušesu v lokalni anesteziji,110,True,True,
2162,Posegi na bobniču ali srednjem ušesu v lokalni anesteziji,110,True,True,
2163,Posegi na notranjem ušesu v lokalni anesteziji,110,True,True,
2164,Kostno usidran slušni pripomoček - BAHA v lokalni anesteziji,110,True,True,
2165,Posegi na mandljih v lokalni anesteziji,110,True,True,
2166,Funkcionalni posegi v nosu v lokalni anesteziji,110,True,True,
2167,MIST (minimalno invazivna terapija sinusov) v lokalni anesteziji,110,True,True,
2168,Druge operacije nosu v lokalni anesteziji,110,True,True,
2170,Mali posegi malignih sprememb v otorinolaringologiji v lokalni anesteziji,110,True,True,
2171,Lažji posegi v otorinolaringologiji v splošni anesteziji,110,True,True,
2172,Posegi na mandljih pri odrasli v splošni anesteziji,110,True,True,
2173,Posegi na mandljih in žrelnici pri otrocih v splošni anesteziji,110,True,True,
2174,Posegi na žrelnici pri otrocih v splošni anesteziji,110,True,True,
2175,Posegi na žrelnici in bobniču pri otrocih v splošni anesteziji,110,True,True,
2176,Operacije malignih tumorjev v otorinolaringologiji v splošni anesteziji,110,True,True,
2177,Funkcionalne estetske operacije nosu v splošni anesteziji,110,True,True,
2178,Endoskopske operacije obnosnih votlin v splošni anesteziji,110,True,True,
2179,Pansinusne operacije v splošni anesteziji,110,True,True,
2180,Operacije tumorjev obnosnih votlin v splošni anesteziji,47,False,False,
2181,Druge operacije obnosnih votlin v splošni anesteziji,110,True,True,
2182P,Ginekološki pregled (razen pregled nosečnic) na sekundarni ravni - prvi,110,True,True,
2183P,Pregled ob neplodnosti - moški - prvi,110,True,True,
2184P,Pregled ob neplodnosti - ženske - prvi,110,True,True,
2214,Vestibuloplastika,25,False,False,
2215,Odstranitev eksostoz,88,False,False,
2217,Zapora antrooralne komunikacije,24,False,False,
2230,Ekscizija majhnih tumorjev v oralni kirurgiji,110,True,True,
2233,Obravnava bolezni slinavk,110,True,True,
2237,Zdravljenje recesije dlesni,110,True,True,
2271,UZ skrotuma,110,True,True,
2284,RTG celotne hrbtenice,110,True,True,
2309,Druge ušesne operacije,110,True,True,
2328P,Pregled v ambulanti za zdravljenje parastomalne kože - prvi,101,False,False,
2329,PTA (perkutana transluminalna angioplastika),110,True,True,
2338P,Urološki pregled otroka - prvi,110,True,True,
2345,MR protokol epilepsija brez KS,110,True,True,
2346,MR protokol epilepsija s KS,110,True,True,
2347,MR multipla skleroza s KS s 3D,110,True,True,
2348,MR celotne hrbtenice,110,True,True,
2349,MRCP (pregled žolčnega sistema),110,True,True,
2350,MR enterografija,110,True,True,
2351,MR male medenice,110,True,True,
2352,MR male medenice s KS,110,True,True,
2353,MR srca in velikih žil brez KS,110,True,True,
2356,CT zapestja,110,True,True,
2357,CT komolca,110,True,True,
2358,CT jeter s KS - 4 faze,110,True,True,
2359,CT srca - prikaz kalcinacij,110,True,True,
2372,Posegi v zunanjem ušesu,110,True,True,
2373,Drugi posegi na bobniču in srednjem ušesu,110,True,True,
2374,Posegi na mastoidni in temporalni kosti,110,True,True,
2375,Posegi na notranjem ušesu,110,True,True,
2376,Posegi na koščicah srednjega ušesa,110,True,True,
2377,Implantacija elektromagnetnega slušnega pripomočka,110,True,True,
2378,Vstavitev/odstranitev kohlearnega implanta,110,True,True,
2379,Operacija nosnega pretina,110,True,True,
2380,Posegi v nosnih sinusih,110,True,True,
2382,Radikalna ekscizija tumorja ustne votline,0,False,False,
2383,"Drugi posegi v ustih, na nebu ali jezičku",110,True,True,
2384,Drugi posegi v nosu,110,True,True,
2395P,Oromaksilofacialni pregled - prvi,110,True,True,blok-izpad 18. 7. – 22. 8. 2024 (raven ~9.400 namesto ~18.800)
2401,Posegi na hrbtenici zaradi vnetja,0,False,False,
2407,Druge ortopedske operacije gležnja in stopala,110,True,True,
