datum,datoteka,listi,tb01_stolpcev,tb01_vrstic,tb01_glava_id
2024-04-04,Tedensko-porocilo-Izpis-stanja-CD-in-cakajocih-po-VZS-na-dan-04.04.2024.xlsx,Vsebina|Tb 01|Tb 02|Tb 03|Tb 04|Tb 05,23,374,0
2024-04-11,Tedensko-porocilo-Izpis-stanja-CD-in-cakajocih-po-VZS-na-dan-11.04.2024.xlsx,Vsebina|Tb 01|Tb 02|Tb 03|Tb 04|Tb 05,23,374,0
2024-04-18,Tedensko-porocilo-Izpis-stanja-CD-in-cakajocih-po-VZS-na-dan-18.04.2024.xlsx,Vsebina|Tb 01|Tb 02|Tb 03|Tb 04|Tb 05,25,374,1
2024-04-25,Tedensko-porocilo-Izpis-stanja-CD-in-cakajocih-po-VZS-na-dan-25.04.2024.xlsx,Vsebina|Tb 01|Tb 02|Tb 03|Tb 04|Tb 05,25,375,1
2024-05-03,Tedensko-porocilo-Izpis-stanja-CD-in-cakajocih-po-VZS-na-dan-03.05.2024.xlsx,Vsebina|Tb 01|Tb 02|Tb 03|Tb 04|Tb 05,23,375,0
2024-05-09,Tedensko-porocilo-Izpis-stanja-CD-in-cakajocih-po-VZS-na-dan-09.05.2024.xlsx,Vsebina|Tb 01|Tb 02|Tb 03|Tb 04|Tb 05,25,375,1
2024-05-16,Tedensko-porocilo-Izpis-stanja-CD-in-cakajocih-po-VZS-na-dan-16.05.2024.xlsx,Vsebina|Tb 01|Tb 02|Tb 03|Tb 04|Tb 05,25,375,1
2024-05-23,Tedensko-porocilo-Izpis-stanja-CD-in-cakajocih-po-VZS-na-dan-23.05.2024.xlsx,Vsebina|Tb 01|Tb 02|Tb 03|Tb 04|Tb 05,25,375,1
2024-05-30,Tedensko-porocilo-Izpis-stanja-CD-in-cakajocih-po-VZS-na-dan-30.05.2024.xlsx,Vsebina|Tb 01|Tb 02|Tb 03|Tb 04|Tb 05,25,375,1
2024-06-06,Tedensko-porocilo-Izpis-stanja-CD-in-cakajocih-po-VZS-na-dan-06.06.2024.xlsx,Vsebina|Tb 01|Tb 02|Tb 03|Tb 04|Tb 05,25,375,1
2024-06-13,Tedensko-porocilo-Izpis-stanja-CD-in-cakajocih-po-VZS-na-dan-13.06.2024.xlsx,Vsebina|Tb 01|Tb 02|Tb 03|Tb 04|Tb 05,25,375,1
2024-06-27,Tedensko-porocilo-Izpis-stanja-CD-in-cakajocih-po-VZS-na-dan-27.06.2024.xlsx,Vsebina|Tb 01|Tb 02|Tb 03|Tb 04|Tb 05,25,375,1
2024-07-04,Tedensko-porocilo-Izpis-stanja-CD-in-cakajocih-po-VZS-na-dan-04.07.2024.xlsx,Vsebina|Tb 01|Tb 02|Tb 03|Tb 04|Tb 05,25,375,1
2024-07-11,Tedensko-porocilo-Izpis-stanja-CD-in-cakajocih-po-VZS-na-dan-11.07.2024.xlsx,Vsebina|Tb 01|Tb 02|Tb 03|Tb 04|Tb 05,25,375,1
2024-07-18,Tedensko-porocilo-Izpis-stanja-CD-in-cakajocih-po-VZS-na-dan-18.07.2024.xlsx,Vsebina|Tb 01|Tb 02|Tb 03|Tb 04|Tb 05,23,375,0
2024-07-25,Tedensko-porocilo-Izpis-stanja-CD-in-cakajocih-po-VZS-na-dan-25.07.2024.xlsx,Vsebina|Tb 01|Tb 02|Tb 03|Tb 04|Tb 05,23,375,0
2024-08-01,Tedensko-porocilo-Izpis-stanja-CD-in-cakajocih-po-VZS-na-dan-01.08.2024.xlsx,Vsebina|Tb 01|Tb 02|Tb 03|Tb 04|Tb 05,25,375,1
2024-08-08,Tedensko-porocilo-Izpis-stanja-CD-in-cakajocih-po-VZS-na-dan-08.08.2024.xlsx,Vsebina|Tb 01|Tb 02|Tb 03|Tb 04|Tb 05,25,375,1
2024-08-16,Tedensko-porocilo-Izpis-stanja-CD-in-cakajocih-po-VZS-na-dan-16.08.2024.xlsx,Vsebina|Tb 01|Tb 02|Tb 03|Tb 04|Tb 05,25,375,1
2024-08-22,Tedensko-porocilo-Izpis-stanja-CD-in-cakajocih-po-VZS-na-dan-22.08.2024.xlsx,Vsebina|Tb 01|Tb 02|Tb 03|Tb 04|Tb 05,25,375,1
2024-08-29,Tedensko-porocilo-Izpis-stanja-CD-in-cakajocih-po-VZS-na-dan-29.08.2024.xlsx,Vsebina|Tb 01|Tb 02|Tb 03|Tb 04|Tb 05,25,375,1
2024-09-05,Tedensko-porocilo-Izpis-stanja-CD-in-cakajocih-po-VZS-na-dan-05.09.2024.xlsx,Vsebina|Tb 01|Tb 02|Tb 03|Tb 04|Tb 05,25,375,1
2024-09-12,Tedensko-porocilo-Izpis-stanja-CD-in-cakajocih-po-VZS-na-dan-12.09.2024.xlsx,Vsebina|Tb 01|Tb 02|Tb 03|Tb 04|Tb 05,25,375,1
2024-09-19,Tedensko-porocilo-Izpis-stanja-CD-in-cakajocih-po-VZS-na-dan-19.09.2024.xlsx,Vsebina|Tb 01|Tb 02|Tb 03|Tb 04|Tb 05,25,371,1
2024-09-26,Tedensko-porocilo-Izpis-stanja-CD-in-cakajocih-po-VZS-na-dan-26.09.2024.xlsx,Vsebina|Tb 01|Tb 02|Tb 03|Tb 04|Tb 05,25,375,1
2024-10-03,Tedensko-porocilo-Izpis-stanja-CD-in-cakajocih-po-VZS-na-dan-03.10.2024.xlsx,Vsebina|Tb 01|Tb 02|Tb 03|Tb 04|Tb 05,25,375,1
2024-10-10,Tedensko-porocilo-Izpis-stanja-CD-in-cakajocih-po-VZS-na-dan-10.10.2024.xlsx,Vsebina|Tb 01|Tb 02|Tb 03|Tb 04|Tb 05,25,375,1
2024-10-17,Tedensko-porocilo-Izpis-stanja-CD-in-cakajocih-po-VZS-na-dan-17.10.2024.xlsx,Vsebina|Tb 01|Tb 02|Tb 03|Tb 04|Tb 05,25,375,1
2024-10-24,Tedensko-porocilo-Izpis-stanja-CD-in-cakajocih-po-VZS-na-dan-24.10.2024.xlsx,Vsebina|Tb 01|Tb 02|Tb 03|Tb 04|Tb 05,25,375,1
2024-10-31,Tedensko-porocilo-Izpis-stanja-CD-in-cakajocih-po-VZS-na-dan-31.10.2024.xlsx,Vsebina|Tb 01|Tb 02|Tb 03|Tb 04|Tb 05,25,375,1
2024-11-07,Tedensko-porocilo-Izpis-stanja-CD-in-cakajocih-po-VZS-na-dan-07.11.2024.xlsx,Vsebina|Tb 01|Tb 02|Tb 03|Tb 04|Tb 05,25,375,1
2024-11-14,Tedensko-porocilo-Izpis-stanja-CD-in-cakajocih-po-VZS-na-dan-14.11.2024.xlsx,Vsebina|Tb 01|Tb 02|Tb 03|Tb 04|Tb 05,25,375,1
2024-11-21,Tedensko-porocilo-Izpis-stanja-CD-in-cakajocih-po-VZS-na-dan-21.11.2024.xlsx,Vsebina|Tb 01|Tb 02|Tb 03|Tb 04|Tb 05,25,375,1
2024-11-28,Tedensko-porocilo-Izpis-stanja-CD-in-cakajocih-po-VZS-na-dan-28.11.2024.xlsx,Vsebina|Tb 01|Tb 02|Tb 03|Tb 04|Tb 05,25,375,1
2024-12-05,Tedensko-porocilo-Izpis-stanja-CD-in-cakajocih-po-VZS-na-dan-05.12.2024.xlsx,Vsebina|Tb 01|Tb 02|Tb 03|Tb 04|Tb 05|Tb 06,25,374,1
2024-12-12,Tedensko-porocilo-Izpis-stanja-CD-in-cakajocih-po-VZS-na-dan-12.12.2024.xlsx,Vsebina|Tb 01|Tb 02|Tb 03|Tb 04|Tb 05|Tb 06,25,374,1
2024-12-19,Tedensko-porocilo-Izpis-stanja-CD-in-cakajocih-po-VZS-na-dan-19.12.2024.xlsx,Vsebina|Tb 01|Tb 02|Tb 03|Tb 04|Tb 05|Tb 06,25,374,1
2025-01-08,Tedensko-porocilo-Izpis-stanja-CD-in-cakajocih-po-VZS-na-dan-08.01.2025.xlsx,Vsebina|Tb 01|Tb 02|Tb 03|Tb 04|Tb 05|Tb 06,25,374,1
2025-01-15,Tedensko-porocilo-Izpis-stanja-CD-in-cakajocih-po-VZS-na-dan-15.01.2025.xlsx,Vsebina|Tb 01|Tb 02|Tb 03|Tb 04|Tb 05|Tb 06,27,373,2
2025-01-22,Tedensko-porocilo-Izpis-stanja-CD-in-cakajocih-po-VZS-na-dan-22.01.2025.xlsx,Vsebina|Tb 01|Tb 02|Tb 03|Tb 04|Tb 05|Tb 06,27,371,2
2025-01-29,Tedensko-porocilo-Izpis-stanja-CD-in-cakajocih-po-VZS-na-dan-29.01.2025.xlsx,Vsebina|Tb 01|Tb 02|Tb 03|Tb 04|Tb 05|Tb 06,27,374,2
2025-02-05,Tedensko-porocilo-Izpis-stanja-CD-in-cakajocih-po-VZS-na-dan-05.02.2025.xlsx,Vsebina|Tb 01|Tb 02|Tb 03|Tb 04|Tb 05|Tb 06,27,374,2
2025-02-12,Tedensko-porocilo-Izpis-stanja-CD-in-cakajocih-po-VZS-na-dan-12.02.2025.xlsx,Vsebina|Tb 01|Tb 02|Tb 03|Tb 04|Tb 05|Tb 06,27,371,2
2025-02-19,Tedensko-porocilo-Izpis-stanja-CD-in-cakajocih-po-VZS-na-dan-19.02.2025.xlsx,Vsebina|Tb 01|Tb 02|Tb 03|Tb 04|Tb 05|Tb 06,27,374,2
2025-02-26,Tedensko-porocilo-Izpis-stanja-CD-in-cakajocih-po-VZS-na-dan-26.02.2025.xlsx,Vsebina|Tb 01|Tb 02|Tb 03|Tb 04|Tb 05|Tb 06,27,374,2
2025-03-05,Tedensko-porocilo-Izpis-stanja-CD-in-cakajocih-po-VZS-na-dan-05.03.2025.xlsx,Vsebina|Tb 01|Tb 02|Tb 03|Tb 04|Tb 05|Tb 06,27,374,2
2025-03-12,Tedensko-porocilo-Izpis-stanja-CD-in-cakajocih-po-VZS-na-dan-12.03.2025.xlsx,Vsebina|Tb 01|Tb 02|Tb 03|Tb 04|Tb 05|Tb 06,27,374,2
2025-03-19,Tedensko-porocilo-Izpis-stanja-CD-in-cakajocih-po-VZS-na-dan-19.03.2025.xlsx,Vsebina|Tb 01|Tb 02|Tb 03|Tb 04|Tb 05|Tb 06,27,374,2
2025-03-26,Tedensko-porocilo-Izpis-stanja-CD-in-cakajocih-po-VZS-na-dan-26.03.2025.xlsx,Vsebina|Tb 01|Tb 02|Tb 03|Tb 04|Tb 05|Tb 06,27,374,2
2025-04-02,Tedensko-porocilo-Izpis-stanja-CD-in-cakajocih-po-VZS-na-dan-02.04.2025.xlsx,Vsebina|Tb 01|Tb 02|Tb 03|Tb 04|Tb 05|Tb 06,27,374,2
2025-04-09,Tedensko-porocilo-Izpis-stanja-CD-in-cakajocih-po-VZS-na-dan-09.04.2025.xlsx,Vsebina|Tb 01|Tb 02|Tb 03|Tb 04|Tb 05|Tb 06,27,374,2
2025-04-16,Tedensko-porocilo-Izpis-stanja-CD-in-cakajocih-po-VZS-na-dan-16.04.2025.xlsx,Vsebina|Tb 01|Tb 02|Tb 03|Tb 04|Tb 05|Tb 06,27,374,2
2025-04-23,Tedensko-porocilo-Izpis-stanja-CD-in-cakajocih-po-VZS-na-dan-23.04.2025.xlsx,Vsebina|Tb 01|Tb 02|Tb 03|Tb 04|Tb 05|Tb 06,27,374,2
2025-04-30,Tedensko-porocilo-Izpis-stanja-CD-in-cakajocih-po-VZS-na-dan-30.04.2025.xlsx,Vsebina|Tb 01|Tb 02|Tb 03|Tb 04|Tb 05|Tb 06,27,374,2
2025-05-07,Tedensko-porocilo-Izpis-stanja-CD-in-cakajocih-po-VZS-na-dan-07.05.2025.xlsx,Vsebina|Tb 01|Tb 02|Tb 03|Tb 04|Tb 05|Tb 06,27,374,2
2025-05-14,Tedensko-porocilo-Izpis-stanja-CD-in-cakajocih-po-VZS-na-dan-14.05.2025.xlsx,Vsebina|Tb 01|Tb 02|Tb 03|Tb 04|Tb 05|Tb 06,27,374,2
2025-05-21,Tedensko-porocilo-Izpis-stanja-CD-in-cakajocih-po-VZS-na-dan-21.05.2025.xlsx,Vsebina|Tb 01|Tb 02|Tb 03|Tb 04|Tb 05|Tb 06,27,373,2
2025-06-04,Tedensko-porocilo-Izpis-stanja-CD-in-cakajocih-po-VZS-na-dan-04.06.2025.xlsx,Vsebina|Tb 01|Tb 02|Tb 03|Tb 04|Tb 05|Tb 06,27,373,2
2025-06-11,Tedensko-porocilo-Izpis-stanja-CD-in-cakajocih-po-VZS-na-dan-11.06.2025.xlsx,Vsebina|Tb 01|Tb 02|Tb 03|Tb 04|Tb 05|Tb 06,30,373,3
2025-06-18,Tedensko-porocilo-Izpis-stanja-CD-in-cakajocih-po-VZS-na-dan-18.06.2025.xlsx,Vsebina|Tb 01|Tb 02|Tb 03|Tb 04|Tb 05|Tb 06,30,373,3
2025-07-02,Tedensko-porocilo-Izpis-stanja-CD-in-cakajocih-po-VZS-na-dan-02.07.2025.xlsx,Vsebina|Tb 01|Tb 02|Tb 03|Tb 04|Tb 05|Tb 06,30,373,3
2025-07-09,Tedensko-porocilo-Izpis-stanja-CD-in-cakajocih-po-VZS-na-dan-09.07.2025.xlsx,Vsebina|Tb 01|Tb 02|Tb 03|Tb 04|Tb 05|Tb 06,30,374,3
2025-07-16,Tedensko-porocilo-Izpis-stanja-CD-in-cakajocih-po-VZS-na-dan-16.07.2025.xlsx,Vsebina|Tb 01|Tb 02|Tb 03|Tb 04|Tb 05|Tb 06,30,374,3
2025-07-23,Tedensko-porocilo-Izpis-stanja-CD-in-cakajocih-po-VZS-na-dan-23.07.2025.xlsx,Vsebina|Tb 01|Tb 02|Tb 03|Tb 04|Tb 05|Tb 06,30,373,3
2025-07-30,Tedensko-porocilo-Izpis-stanja-CD-in-cakajocih-po-VZS-na-dan-30.07.2025.xlsx,Vsebina|Tb 01|Tb 02|Tb 03|Tb 04|Tb 05|Tb 06,30,372,3
2025-08-06,Tedensko-porocilo-Izpis-stanja-CD-in-cakajocih-po-VZS-na-dan-06.08.2025.xlsx,Vsebina|Tb 01|Tb 02|Tb 03|Tb 04|Tb 05|Tb 06,30,372,3
2025-08-13,Tedensko-porocilo-Izpis-stanja-CD-in-cakajocih-po-VZS-na-dan-13.08.2025.xlsx,Vsebina|Tb 01|Tb 02|Tb 03|Tb 04|Tb 05|Tb 06,30,372,3
2025-08-20,Tedensko-porocilo-Izpis-stanja-CD-in-cakajocih-po-VZS-na-dan-20.08.2025.xlsx,Vsebina|Tb 01|Tb 02|Tb 03|Tb 04|Tb 05|Tb 06,30,372,3
2025-08-27,Tedensko-porocilo-Izpis-stanja-CD-in-cakajocih-po-VZS-na-dan-27.08.2025.xlsx,Vsebina|Tb 01|Tb 02|Tb 03|Tb 04|Tb 05|Tb 06,30,372,3
2025-09-03,Tedensko-porocilo-Izpis-stanja-CD-in-cakajocih-po-VZS-na-dan-03.09.2025.xlsx,Vsebina|Tb 01|Tb 02|Tb 03|Tb 04|Tb 05|Tb 06,30,372,3
2025-09-10,Tedensko-porocilo-Izpis-stanja-CD-in-cakajocih-po-VZS-na-dan-10.09.2025.xlsx,Vsebina|Tb 01|Tb 02|Tb 03|Tb 04|Tb 05|Tb 06,30,372,3
2025-09-17,Tedensko-porocilo-Izpis-stanja-CD-in-cakajocih-po-VZS-na-dan-17.09.2025.xlsx,Vsebina|Tb 01|Tb 02|Tb 03|Tb 04|Tb 05|Tb 06,30,372,3
2025-09-24,Tedensko-porocilo-Izpis-stanja-CD-in-cakajocih-po-VZS-na-dan-24.09.2025.xlsx,Vsebina|Tb 01|Tb 02|Tb 03|Tb 04|Tb 05|Tb 06,30,372,3
2025-10-01,Tedensko-porocilo-Izpis-stanja-CD-in-cakajocih-po-VZS-na-dan-01.10.2025.xlsx,Vsebina|Tb 01|Tb 02|Tb 03|Tb 04|Tb 05|Tb 06,30,371,3
2025-10-08,Tedensko-porocilo-Izpis-stanja-CD-in-cakajocih-po-VZS-na-dan-08.10.2025.xlsx,Vsebina|Tb 01|Tb 02|Tb 03|Tb 04|Tb 05|Tb 06,30,371,3
2025-10-15,Tedensko-porocilo-Izpis-stanja-CD-in-cakajocih-po-VZS-na-dan-15.10.2025.xlsx,Vsebina|Tb 01|Tb 02|Tb 03|Tb 04|Tb 05|Tb 06,30,371,3
2025-10-22,Tedensko-porocilo-Izpis-stanja-CD-in-cakajocih-po-VZS-na-dan-22.10.2025.xlsx,Vsebina|Tb 01|Tb 02|Tb 03|Tb 04|Tb 05|Tb 06,30,371,3
2025-10-29,Tedensko-porocilo-Izpis-stanja-CD-in-cakajocih-po-VZS-na-dan-29.10.2025.xlsx,Vsebina|Tb 01|Tb 02|Tb 03|Tb 04|Tb 05|Tb 06,30,371,3
2025-11-05,Tedensko-porocilo-Izpis-stanja-CD-in-cakajocih-po-VZS-na-dan-05.11.2025.xlsx,Vsebina|Tb 01|Tb 02|Tb 03|Tb 04|Tb 05|Tb 06,30,371,3
2025-11-12,Tedensko-porocilo-Izpis-stanja-CD-in-cakajocih-po-VZS-na-dan-12.11.2025.xlsx,Vsebina|Tb 01|Tb 02|Tb 03|Tb 04|Tb 05|Tb 06,30,371,3
2025-11-19,Tedensko-porocilo-Izpis-stanja-CD-in-cakajocih-po-VZS-na-dan-19.11.2025.xlsx,Vsebina|Tb 01|Tb 02|Tb 03|Tb 04|Tb 05|Tb 06,30,371,3
2025-11-26,Tedensko-porocilo-Izpis-stanja-CD-in-cakajocih-po-VZS-na-dan-26.11.2025.xlsx,Vsebina|Tb 01|Tb 02|Tb 03|Tb 04|Tb 05|Tb 06,30,371,3
2025-12-03,Tedensko-porocilo-Izpis-stanja-CD-in-cakajocih-po-VZS-na-dan-03.12.2025.xlsx,Vsebina|Tb 01|Tb 02|Tb 03|Tb 04|Tb 05|Tb 06,30,371,3
2025-12-10,Tedensko-porocilo-Izpis-stanja-CD-in-cakajocih-po-VZS-na-dan-10.12.2025.xlsx,Vsebina|Tb 01|Tb 02|Tb 03|Tb 04|Tb 05|Tb 06,30,371,3
2025-12-17,Tedensko-porocilo-Izpis-stanja-CD-in-cakajocih-po-VZS-na-dan-17.12.2025.xlsx,Vsebina|Tb 01|Tb 02|Tb 03|Tb 04|Tb 05|Tb 06,30,371,3
2026-01-07,Tedensko-porocilo-Izpis-stanja-CD-in-cakajocih-po-VZS-na-dan-07.01.2026.xlsx,Vsebina|Tb 01|Tb 02|Tb 03|Tb 04|Tb 05|Tb 06,30,371,3
2026-01-14,Tedensko-porocilo-Izpis-stanja-CD-in-cakajocih-po-VZS-na-dan-14.01.2026.xlsx,Vsebina|Tb 01|Tb 02|Tb 03|Tb 04|Tb 05|Tb 06,30,371,3
2026-01-21,Tedensko-porocilo-Izpis-stanja-CD-in-cakajocih-po-VZS-na-dan-21.01.2026.xlsx,Vsebina|Tb 01|Tb 02|Tb 03|Tb 04|Tb 05|Tb 06,30,371,3
2026-01-28,Tedensko-porocilo-Izpis-stanja-CD-in-cakajocih-po-VZS-na-dan-28.01.2026.xlsx,Vsebina|Tb 01|Tb 02|Tb 03|Tb 04|Tb 05|Tb 06,30,371,3
2026-02-04,Tedensko-porocilo-Izpis-stanja-CD-in-cakajocih-po-VZS-na-dan-04.02.2026.xlsx,Vsebina|Tb 01|Tb 02|Tb 03|Tb 04|Tb 05|Tb 06,30,371,3
2026-02-11,Tedensko-porocilo-Izpis-stanja-CD-in-cakajocih-po-VZS-na-dan-11.02.2026.xlsx,Vsebina|Tb 01|Tb 02|Tb 03|Tb 04|Tb 05|Tb 06,32,371,4
2026-02-18,Tedensko-porocilo-Izpis-stanja-CD-in-cakajocih-po-VZS-na-dan-18.02.2026.xlsx,Vsebina|Tb 01|Tb 02|Tb 03|Tb 04|Tb 05|Tb 06,30,371,3
2026-02-25,Tedensko-porocilo-Izpis-stanja-CD-in-cakajocih-po-VZS-na-dan-25.02.2026.xlsx,Vsebina|Tb 01|Tb 02|Tb 03|Tb 04|Tb 05|Tb 06,30,371,3
2026-03-04,Tedensko-porocilo-Izpis-stanja-CD-in-cakajocih-po-VZS-na-dan-04.03.2026.xlsx,Vsebina|Tb 01|Tb 02|Tb 03|Tb 04|Tb 05|Tb 06,30,371,3
2026-03-11,Tedensko-porocilo-Izpis-stanja-CD-in-cakajocih-po-VZS-na-dan-11.03.2026.xlsx,Vsebina|Tb 01|Tb 02|Tb 03|Tb 04|Tb 05|Tb 06,30,371,3
2026-03-18,Tedensko-porocilo-Izpis-stanja-CD-in-cakajocih-po-VZS-na-dan-18.03.2026.xlsx,Vsebina|Tb 01|Tb 02|Tb 03|Tb 04|Tb 05|Tb 06,30,371,3
2026-03-25,Tedensko-porocilo-Izpis-stanja-CD-in-cakajocih-po-VZS-na-dan-25.03.2026.xlsx,Vsebina|Tb 01|Tb 02|Tb 03|Tb 04|Tb 05|Tb 06,30,371,3
2026-04-08,Tedensko-porocilo-Izpis-stanja-CD-in-cakajocih-po-VZS-na-dan-08.04.2026.xlsx,Vsebina|Tb 01|Tb 02|Tb 03|Tb 04|Tb 05|Tb 06,30,371,3
2026-04-15,Tedensko-porocilo-Izpis-stanja-CD-in-cakajocih-po-VZS-na-dan-15.04.2026.xlsx,Vsebina|Tb 01|Tb 02|Tb 03|Tb 04|Tb 05|Tb 06,30,371,3
2026-04-29,Tedensko-porocilo-Izpis-stanja-CD-in-cakajocih-po-VZS-na-dan-29.04.2026.xlsx,Vsebina|Tb 01|Tb 02|Tb 03|Tb 04|Tb 05|Tb 06,30,371,3
2026-05-06,Tedensko-porocilo-Izpis-stanja-CD-in-cakajocih-po-VZS-na-dan-06.05.2026.xlsx,Vsebina|Tb 01|Tb 02|Tb 03|Tb 04|Tb 05|Tb 06,30,371,3
2026-05-13,Tedensko-porocilo-Izpis-stanja-CD-in-cakajocih-po-VZS-na-dan-13.05.2026.xlsx,Vsebina|Tb 01|Tb 02|Tb 03|Tb 04|Tb 05|Tb 06,30,371,3
2026-05-20,Tedensko-porocilo-Izpis-stanja-CD-in-cakajocih-po-VZS-na-dan-20.05.2026.xlsx,Vsebina|Tb 01|Tb 02|Tb 03|Tb 04|Tb 05|Tb 06,30,371,3
2026-05-27,Tedensko-porocilo-Izpis-stanja-CD-in-cakajocih-po-VZS-na-dan-27.05.2026.xlsx,Vsebina|Tb 01|Tb 02|Tb 03|Tb 04|Tb 05|Tb 06,30,371,3
2026-06-03,Tedensko-porocilo-Izpis-stanja-CD-in-cakajocih-po-VZS-na-dan-03.06.2026.xlsx,Vsebina|Tb 01|Tb 02|Tb 03|Tb 04|Tb 05|Tb 06,30,371,3
2026-06-17,Tedensko-porocilo-Izpis-stanja-CD-in-cakajocih-po-VZS-na-dan-17.06.2026.xlsx,Vsebina|Tb 01|Tb 02|Tb 03|Tb 04|Tb 05|Tb 06,30,371,3
2026-06-24,Tedensko-porocilo-Izpis-stanja-CD-in-cakajocih-po-VZS-na-dan-24.06.2026.xlsx,Vsebina|Tb 01|Tb 02|Tb 03|Tb 04|Tb 05|Tb 06,30,371,3
2026-07-01,Tedensko-porocilo-Izpis-stanja-CD-in-cakajocih-po-VZS-na-dan-01.07.2026.xlsx,Vsebina|Tb 01|Tb 02|Tb 03|Tb 04|Tb 05|Tb 06,30,371,3
2026-07-08,Tedensko-porocilo-Izpis-stanja-CD-in-cakajocih-po-VZS-na-dan-08.07.2026.xlsx,Vsebina|Tb 01|Tb 02|Tb 03|Tb 04|Tb 05|Tb 06,30,369,3
2026-07-15,Tedensko-porocilo-Izpis-stanja-CD-in-cakajocih-po-VZS-na-dan-15.07.2026.xlsx,Vsebina|Tb 01|Tb 02|Tb 03|Tb 04|Tb 05|Tb 06,30,367,3
?,Tedensko-porocilo-Izpis-stanja-CD-in-cakajocih-po-VZS-na-dan-20.06.2024-2.xlsx,Vsebina|Tb 01|Tb 02|Tb 03|Tb 04|Tb 05,25,375,1
?,Tedensko-porocilo-Izpis-stanja-CD-in-cakajocih-po-VZS-na-dan-28.05.2025-1.xlsx,Vsebina|Tb 01|Tb 02|Tb 03|Tb 04|Tb 05|Tb 06,27,373,2
