razlicica,vzs,naziv,horizont,model,n_vse,MAE_vse,RMSE_vse,MASE_vse,MAE_vs_naivni_pct_vse,n_brez_vrzeli,MAE_brez_vrzeli,RMSE_brez_vrzeli,MASE_brez_vrzeli,MAE_vs_naivni_pct_brez_vrzeli,razlika_o_t
delno_ocisceno,1010P,Dermatološki pregled - prvi,1,ar1,59,191.541,245.327,0.979,-5.193,53,170.44,214.39,0.873,-7.093,-1.9
delno_ocisceno,1010P,Dermatološki pregled - prvi,1,lin,59,1184.312,1430.677,6.219,-550.418,53,1126.379,1388.503,5.913,-607.743,-57.325
delno_ocisceno,1010P,Dermatološki pregled - prvi,1,naivni,59,182.085,240.722,0.931,0.0,53,159.151,206.622,0.815,0.0,0.0
delno_ocisceno,1010P,Dermatološki pregled - prvi,4,ar1,56,496.131,621.967,2.526,-9.147,37,427.921,502.353,2.17,-14.088,-4.941
delno_ocisceno,1010P,Dermatološki pregled - prvi,4,lin,56,1393.508,1644.452,7.313,-206.566,37,1105.538,1415.928,5.751,-194.747,11.82
delno_ocisceno,1010P,Dermatološki pregled - prvi,4,naivni,56,454.554,591.91,2.32,0.0,37,375.081,452.455,1.912,0.0,0.0
delno_ocisceno,1018P,Kardiološki pregled - prvi,1,ar1,59,140.301,177.635,0.835,-1.22,53,136.262,173.076,0.81,-0.388,0.832
delno_ocisceno,1018P,Kardiološki pregled - prvi,1,lin,59,833.69,1025.79,4.833,-501.464,53,824.8,1012.381,4.785,-507.651,-6.187
delno_ocisceno,1018P,Kardiološki pregled - prvi,1,naivni,59,138.61,176.306,0.826,0.0,53,135.736,172.648,0.808,0.0,0.0
delno_ocisceno,1018P,Kardiološki pregled - prvi,4,ar1,56,378.824,457.051,2.229,-2.687,37,433.375,518.236,2.552,0.744,3.431
delno_ocisceno,1018P,Kardiološki pregled - prvi,4,lin,56,940.945,1185.956,5.412,-155.06,37,947.364,1184.671,5.445,-116.976,38.084
delno_ocisceno,1018P,Kardiološki pregled - prvi,4,naivni,56,368.911,456.194,2.182,0.0,37,436.622,529.66,2.583,0.0,0.0
delno_ocisceno,1195,Operacija sive mrene (katarakte),1,ar1,59,100.562,133.531,1.003,-4.072,53,97.597,130.219,0.973,-3.702,0.371
delno_ocisceno,1195,Operacija sive mrene (katarakte),1,lin,59,322.391,357.159,3.222,-233.644,53,315.875,351.377,3.162,-235.633,-1.989
delno_ocisceno,1195,Operacija sive mrene (katarakte),1,naivni,59,96.627,133.959,0.966,0.0,53,94.113,131.084,0.941,0.0,0.0
delno_ocisceno,1195,Operacija sive mrene (katarakte),4,ar1,56,166.089,212.899,1.654,15.207,37,166.659,208.072,1.66,17.869,2.662
delno_ocisceno,1195,Operacija sive mrene (katarakte),4,lin,56,375.646,408.727,3.754,-91.778,37,334.844,366.642,3.33,-65.014,26.765
delno_ocisceno,1195,Operacija sive mrene (katarakte),4,naivni,56,195.875,223.692,1.959,0.0,37,202.919,232.854,2.03,0.0,0.0
delno_ocisceno,1626,Endoproteza kolena,1,ar1,59,157.004,200.894,1.467,-22.741,53,150.577,187.99,1.414,-21.488,1.252
delno_ocisceno,1626,Endoproteza kolena,1,lin,59,205.058,222.753,1.887,-60.308,53,205.213,224.1,1.892,-65.57,-5.262
delno_ocisceno,1626,Endoproteza kolena,1,naivni,59,127.915,206.667,1.215,0.0,53,123.943,192.203,1.185,0.0,0.0
delno_ocisceno,1626,Endoproteza kolena,4,ar1,56,231.698,285.063,2.127,-12.241,37,212.717,264.98,1.956,-13.621,-1.38
delno_ocisceno,1626,Endoproteza kolena,4,lin,56,214.848,236.992,1.971,-4.079,37,206.308,229.71,1.898,-10.198,-6.119
delno_ocisceno,1626,Endoproteza kolena,4,naivni,56,206.429,258.431,1.918,0.0,37,187.216,228.971,1.752,0.0,0.0
delno_ocisceno,1755,MR glave brez kontrasta,1,ar1,59,117.378,140.293,1.151,-0.411,53,120.594,144.417,1.184,-0.164,0.247
delno_ocisceno,1755,MR glave brez kontrasta,1,lin,59,1148.833,1233.427,11.017,-882.763,53,1123.15,1212.2,10.78,-832.878,49.885
delno_ocisceno,1755,MR glave brez kontrasta,1,naivni,59,116.898,140.57,1.143,0.0,53,120.396,144.306,1.179,0.0,0.0
delno_ocisceno,1755,MR glave brez kontrasta,4,ar1,56,370.548,439.016,3.61,3.206,37,411.177,468.258,4.033,0.779,-2.427
delno_ocisceno,1755,MR glave brez kontrasta,4,lin,56,1324.824,1417.292,12.726,-246.068,37,1239.094,1350.03,11.979,-199.005,47.063
delno_ocisceno,1755,MR glave brez kontrasta,4,naivni,56,382.821,436.177,3.721,0.0,37,414.405,469.72,4.063,0.0,0.0
delno_ocisceno,1941,UZ vratnih žil,1,ar1,59,327.832,484.447,1.128,2.045,53,320.976,481.666,1.103,4.181,2.135
delno_ocisceno,1941,UZ vratnih žil,1,lin,59,1643.45,1810.495,5.71,-391.054,53,1563.938,1726.794,5.429,-366.873,24.181
delno_ocisceno,1941,UZ vratnih žil,1,naivni,59,334.678,471.166,1.159,0.0,53,334.981,471.653,1.16,0.0,0.0
delno_ocisceno,1941,UZ vratnih žil,4,ar1,56,696.084,901.168,2.409,-12.223,37,687.883,878.628,2.366,-6.323,5.9
delno_ocisceno,1941,UZ vratnih žil,4,lin,56,1840.544,2038.823,6.399,-196.734,37,1544.673,1753.236,5.372,-138.754,57.98
delno_ocisceno,1941,UZ vratnih žil,4,naivni,56,620.268,763.003,2.172,0.0,37,646.973,769.227,2.258,0.0,0.0
delno_ocisceno,AGREGAT,Agregat,1,ar1,59,1672.35,2225.942,1.008,0.933,53,1636.878,2218.526,0.987,2.423,1.49
delno_ocisceno,AGREGAT,Agregat,1,lin,59,5029.599,5896.509,3.039,-197.944,53,5045.669,5924.446,3.049,-200.78,-2.836
delno_ocisceno,AGREGAT,Agregat,1,naivni,59,1688.102,2209.32,1.018,0.0,53,1677.528,2223.607,1.012,0.0,0.0
delno_ocisceno,AGREGAT,Agregat,4,ar1,56,3141.862,3983.155,1.89,2.309,37,3005.086,3975.082,1.811,12.984,10.675
delno_ocisceno,AGREGAT,Agregat,4,lin,56,5425.671,6443.3,3.279,-68.703,37,5612.59,6430.713,3.389,-62.52,6.184
delno_ocisceno,AGREGAT,Agregat,4,naivni,56,3216.107,4036.666,1.936,0.0,37,3453.486,4386.187,2.078,0.0,0.0
izhodiscna,1010P,Dermatološki pregled - prvi,1,ar1,60,295.086,669.62,1.211,-3.788,55,285.308,682.506,1.189,-2.408,1.38
izhodiscna,1010P,Dermatološki pregled - prvi,1,lin,60,1202.159,1443.476,4.744,-322.824,55,1144.795,1399.08,4.527,-310.91,11.914
izhodiscna,1010P,Dermatološki pregled - prvi,1,naivni,60,284.317,670.541,1.18,0.0,55,278.6,689.513,1.17,0.0,0.0
izhodiscna,1010P,Dermatološki pregled - prvi,4,ar1,57,576.475,865.516,2.351,-8.143,39,519.279,670.971,2.107,-17.009,-8.866
izhodiscna,1010P,Dermatološki pregled - prvi,4,lin,57,1393.082,1634.356,5.553,-161.332,39,1128.661,1425.316,4.427,-154.32,7.011
izhodiscna,1010P,Dermatološki pregled - prvi,4,naivni,57,533.07,860.865,2.244,0.0,39,443.795,611.47,1.885,0.0,0.0
izhodiscna,1018P,Kardiološki pregled - prvi,1,ar1,60,146.922,188.525,0.851,-0.723,55,145.154,186.383,0.838,-0.282,0.441
izhodiscna,1018P,Kardiološki pregled - prvi,1,lin,60,834.275,1021.953,4.726,-471.943,55,844.814,1029.706,4.786,-483.655,-11.711
izhodiscna,1018P,Kardiološki pregled - prvi,1,naivni,60,145.867,187.504,0.846,0.0,55,144.745,185.499,0.837,0.0,0.0
izhodiscna,1018P,Kardiološki pregled - prvi,4,ar1,57,377.0,457.224,2.164,-1.964,39,424.033,508.937,2.431,0.713,2.677
izhodiscna,1018P,Kardiološki pregled - prvi,4,lin,57,941.828,1179.787,5.305,-154.729,39,989.439,1223.047,5.548,-131.677,23.052
izhodiscna,1018P,Kardiološki pregled - prvi,4,naivni,57,369.737,456.938,2.131,0.0,39,427.077,519.099,2.457,0.0,0.0
izhodiscna,1195,Operacija sive mrene (katarakte),1,ar1,60,135.111,257.718,1.148,-2.681,55,138.265,265.824,1.176,-3.001,-0.32
izhodiscna,1195,Operacija sive mrene (katarakte),1,lin,60,317.099,384.181,2.624,-140.987,55,314.818,385.097,2.612,-134.525,6.462
izhodiscna,1195,Operacija sive mrene (katarakte),1,naivni,60,131.583,255.166,1.114,0.0,55,134.236,262.814,1.137,0.0,0.0
izhodiscna,1195,Operacija sive mrene (katarakte),4,ar1,57,236.055,349.815,1.975,-0.449,39,233.106,333.607,1.964,-1.543,-1.094
izhodiscna,1195,Operacija sive mrene (katarakte),4,lin,57,370.134,433.365,3.07,-57.504,39,341.448,419.925,2.798,-48.738,8.766
izhodiscna,1195,Operacija sive mrene (katarakte),4,naivni,57,235.0,336.286,1.94,0.0,39,229.564,305.728,1.904,0.0,0.0
izhodiscna,1626,Endoproteza kolena,1,ar1,60,208.934,273.751,1.651,-27.411,55,205.571,269.73,1.636,-27.095,0.316
izhodiscna,1626,Endoproteza kolena,1,lin,60,220.873,259.807,1.729,-34.692,55,221.412,262.759,1.743,-36.889,-2.197
izhodiscna,1626,Endoproteza kolena,1,naivni,60,163.983,295.15,1.354,0.0,55,161.745,291.267,1.348,0.0,0.0
izhodiscna,1626,Endoproteza kolena,4,ar1,57,265.514,329.852,2.057,-13.213,39,256.712,323.376,1.988,-17.578,-4.365
izhodiscna,1626,Endoproteza kolena,4,lin,57,230.323,273.591,1.8,1.792,39,229.178,282.452,1.806,-4.967,-6.759
izhodiscna,1626,Endoproteza kolena,4,naivni,57,234.526,318.364,1.864,0.0,39,218.333,295.724,1.759,0.0,0.0
izhodiscna,1755,MR glave brez kontrasta,1,ar1,60,130.678,163.148,1.205,-0.87,55,134.121,167.803,1.24,-1.189,-0.318
izhodiscna,1755,MR glave brez kontrasta,1,lin,60,1135.976,1224.028,10.189,-776.863,55,1111.646,1202.338,10.009,-738.691,38.172
izhodiscna,1755,MR glave brez kontrasta,1,naivni,60,129.55,162.195,1.189,0.0,55,132.545,166.098,1.22,0.0,0.0
izhodiscna,1755,MR glave brez kontrasta,4,ar1,57,365.742,435.473,3.306,1.987,39,408.865,469.351,3.724,-1.598,-3.585
izhodiscna,1755,MR glave brez kontrasta,4,lin,57,1307.11,1403.783,11.737,-250.283,39,1225.481,1336.918,11.118,-204.516,45.767
izhodiscna,1755,MR glave brez kontrasta,4,naivni,57,373.158,428.401,3.348,0.0,39,402.436,460.411,3.642,0.0,0.0
izhodiscna,1941,UZ vratnih žil,1,ar1,60,342.494,498.565,1.144,1.836,55,335.561,494.207,1.121,3.751,1.915
izhodiscna,1941,UZ vratnih žil,1,lin,60,1648.751,1805.411,5.577,-372.557,55,1593.065,1746.682,5.401,-356.942,15.615
izhodiscna,1941,UZ vratnih žil,1,naivni,60,348.9,484.43,1.176,0.0,55,348.636,482.926,1.177,0.0,0.0
izhodiscna,1941,UZ vratnih žil,4,ar1,57,685.881,852.838,2.303,-15.82,39,665.797,834.862,2.221,-0.906,14.915
izhodiscna,1941,UZ vratnih žil,4,lin,57,1848.013,2029.719,6.256,-212.063,39,1625.027,1820.58,5.543,-146.283,65.779
izhodiscna,1941,UZ vratnih žil,4,naivni,57,592.193,732.165,2.017,0.0,39,659.821,778.611,2.258,0.0,0.0
izhodiscna,AGREGAT,Agregat,1,ar1,60,3172.008,6386.898,1.488,-17.642,55,3238.338,6619.013,1.529,-16.674,0.968
izhodiscna,AGREGAT,Agregat,1,lin,60,5634.783,6828.76,2.685,-108.979,55,5746.558,6954.886,2.763,-107.042,1.937
izhodiscna,AGREGAT,Agregat,1,naivni,60,2696.333,6221.967,1.301,0.0,55,2775.545,6465.877,1.347,0.0,0.0
izhodiscna,AGREGAT,Agregat,4,ar1,57,6325.008,8733.22,2.779,-52.877,39,7065.7,8950.657,3.098,-73.01,-20.133
izhodiscna,AGREGAT,Agregat,4,lin,57,5990.09,7178.759,2.861,-44.782,39,6588.114,7637.281,3.161,-61.316,-16.534
izhodiscna,AGREGAT,Agregat,4,naivni,57,4137.316,6931.291,1.924,0.0,39,4083.974,6236.642,1.929,0.0,0.0
ocisceno,1010P,Dermatološki pregled - prvi,1,ar1,58,194.22,247.441,0.987,-4.857,51,172.714,216.968,0.88,-6.177,-1.32
ocisceno,1010P,Dermatološki pregled - prvi,1,lin,58,1181.134,1419.764,6.145,-537.678,51,1136.631,1390.163,5.917,-598.748,-61.07
ocisceno,1010P,Dermatološki pregled - prvi,1,naivni,58,185.224,242.836,0.941,0.0,51,162.667,209.796,0.828,0.0,0.0
ocisceno,1010P,Dermatološki pregled - prvi,4,ar1,55,503.493,627.04,2.548,-9.511,32,465.618,533.087,2.356,-14.897,-5.385
ocisceno,1010P,Dermatološki pregled - prvi,4,lin,55,1390.868,1633.889,7.233,-202.518,32,1188.8,1485.209,6.155,-193.35,9.168
ocisceno,1010P,Dermatološki pregled - prvi,4,naivni,55,459.764,596.893,2.333,0.0,32,405.25,479.855,2.062,0.0,0.0
ocisceno,1018P,Kardiološki pregled - prvi,1,ar1,58,139.425,177.957,0.831,-1.311,51,137.428,175.02,0.818,-0.37,0.941
ocisceno,1018P,Kardiološki pregled - prvi,1,lin,58,827.804,1021.177,4.801,-501.512,51,805.006,996.668,4.668,-487.932,13.579
ocisceno,1018P,Kardiološki pregled - prvi,1,naivni,58,137.621,176.743,0.822,0.0,51,136.922,174.75,0.817,0.0,0.0
ocisceno,1018P,Kardiološki pregled - prvi,4,ar1,55,388.616,461.705,2.29,-3.46,32,491.323,555.816,2.898,-2.286,1.175
ocisceno,1018P,Kardiološki pregled - prvi,4,lin,55,932.934,1180.06,5.367,-148.373,32,864.569,1131.507,4.944,-79.99,68.383
ocisceno,1018P,Kardiološki pregled - prvi,4,naivni,55,375.618,461.859,2.225,0.0,32,480.344,565.635,2.847,0.0,0.0
ocisceno,1195,Operacija sive mrene (katarakte),1,ar1,58,101.729,134.747,1.007,-3.496,51,98.755,132.056,0.977,-2.285,1.211
ocisceno,1195,Operacija sive mrene (katarakte),1,lin,58,314.218,351.08,3.113,-219.675,51,306.272,344.561,3.041,-217.219,2.456
ocisceno,1195,Operacija sive mrene (katarakte),1,naivni,58,98.293,135.239,0.975,0.0,51,96.549,133.477,0.957,0.0,0.0
ocisceno,1195,Operacija sive mrene (katarakte),4,ar1,55,165.587,213.462,1.636,16.1,32,175.27,218.037,1.736,21.536,5.435
ocisceno,1195,Operacija sive mrene (katarakte),4,lin,55,365.969,401.36,3.629,-85.429,32,307.586,344.247,3.055,-37.699,47.73
ocisceno,1195,Operacija sive mrene (katarakte),4,naivni,55,197.364,225.389,1.957,0.0,32,223.375,248.528,2.218,0.0,0.0
ocisceno,1626,Endoproteza kolena,1,ar1,58,158.229,202.377,1.472,-22.217,51,151.933,190.332,1.421,-19.799,2.418
ocisceno,1626,Endoproteza kolena,1,lin,58,204.629,222.76,1.874,-58.057,51,204.45,224.152,1.876,-61.208,-3.151
ocisceno,1626,Endoproteza kolena,1,naivni,58,129.466,208.312,1.225,0.0,51,126.824,195.581,1.208,0.0,0.0
ocisceno,1626,Endoproteza kolena,4,ar1,55,231.729,286.503,2.117,-9.212,32,195.325,250.517,1.791,-2.298,6.914
ocisceno,1626,Endoproteza kolena,4,lin,55,213.628,236.708,1.949,-0.681,32,204.423,228.922,1.873,-7.063,-6.381
ocisceno,1626,Endoproteza kolena,4,naivni,55,212.182,262.974,1.961,0.0,32,190.938,232.132,1.781,0.0,0.0
ocisceno,1755,MR glave brez kontrasta,1,ar1,58,114.487,134.715,1.134,-0.049,51,114.673,135.093,1.134,-0.005,0.043
ocisceno,1755,MR glave brez kontrasta,1,lin,58,1161.065,1235.41,11.277,-914.642,51,1157.084,1227.243,11.248,-909.085,5.557
ocisceno,1755,MR glave brez kontrasta,1,naivni,58,114.431,135.256,1.13,0.0,51,114.667,134.629,1.131,0.0,0.0
ocisceno,1755,MR glave brez kontrasta,4,ar1,55,362.591,431.415,3.575,3.342,32,420.985,476.92,4.166,-0.205,-3.547
ocisceno,1755,MR glave brez kontrasta,4,lin,55,1341.433,1421.996,13.062,-257.594,32,1383.325,1439.824,13.536,-229.265,28.329
ocisceno,1755,MR glave brez kontrasta,4,naivni,55,375.127,429.462,3.691,0.0,32,420.125,477.403,4.151,0.0,0.0
ocisceno,1941,UZ vratnih žil,1,ar1,58,284.518,387.489,1.055,1.221,51,271.022,371.114,1.004,5.496,4.276
ocisceno,1941,UZ vratnih žil,1,lin,58,1640.817,1811.623,6.097,-469.66,51,1573.55,1740.069,5.846,-448.687,20.972
ocisceno,1941,UZ vratnih žil,1,naivni,58,288.034,376.223,1.072,0.0,51,286.784,367.666,1.066,0.0,0.0
ocisceno,1941,UZ vratnih žil,4,ar1,55,705.508,889.437,2.606,-17.731,32,589.028,718.828,2.181,7.199,24.93
ocisceno,1941,UZ vratnih žil,4,lin,55,1845.957,2044.119,6.894,-208.042,32,1680.97,1852.671,6.276,-164.837,43.205
ocisceno,1941,UZ vratnih žil,4,naivni,55,599.255,743.543,2.236,0.0,32,634.719,758.272,2.37,0.0,0.0
ocisceno,AGREGAT,Agregat,1,ar1,58,1472.483,1748.401,0.939,1.043,51,1395.439,1660.294,0.891,3.956,2.914
ocisceno,AGREGAT,Agregat,1,lin,58,5158.104,5992.005,3.252,-246.647,51,5203.483,6055.157,3.285,-258.139,-11.492
ocisceno,AGREGAT,Agregat,1,naivni,58,1488.0,1759.044,0.95,0.0,51,1452.922,1722.046,0.928,0.0,0.0
ocisceno,AGREGAT,Agregat,4,ar1,55,2964.643,3700.662,1.9,0.768,32,2601.604,3482.615,1.678,24.61,23.842
ocisceno,AGREGAT,Agregat,4,lin,55,5631.759,6588.018,3.554,-88.504,32,6095.799,6846.066,3.865,-76.645,11.859
ocisceno,AGREGAT,Agregat,4,naivni,55,2987.6,3828.374,1.917,0.0,32,3450.875,4346.257,2.223,0.0,0.0
