razlicica,vzs,naziv,zamik_tednov,r,p,n,meja_2sqrt_n,znacilna_p05,p_bonferroni,p_bh,n_testov
izhodiscna,1010P,Dermatološki pregled - prvi,0,0.1451,0.1287,111,0.1898,False,1.0,0.7371,63.0
izhodiscna,1010P,Dermatološki pregled - prvi,1,0.1246,0.1946,110,0.1907,False,1.0,0.7664,63.0
izhodiscna,1010P,Dermatološki pregled - prvi,2,-0.1237,0.2001,109,0.1916,False,1.0,0.7003,63.0
izhodiscna,1010P,Dermatološki pregled - prvi,3,-0.1715,0.0759,108,0.1925,False,1.0,0.7973,63.0
izhodiscna,1010P,Dermatološki pregled - prvi,4,0.1326,0.1734,107,0.1933,False,1.0,0.8401,63.0
izhodiscna,1010P,Dermatološki pregled - prvi,5,0.0413,0.6742,106,0.1943,False,1.0,1.0,63.0
izhodiscna,1010P,Dermatološki pregled - prvi,6,0.0136,0.8908,105,0.1952,False,1.0,0.9846,63.0
izhodiscna,1010P,Dermatološki pregled - prvi,7,0.0739,0.4561,104,0.1961,False,1.0,0.927,63.0
izhodiscna,1010P,Dermatološki pregled - prvi,8,-0.154,0.1205,103,0.1971,False,1.0,0.8434,63.0
izhodiscna,1018P,Kardiološki pregled - prvi,0,0.0359,0.7083,111,0.1898,False,1.0,1.0,63.0
izhodiscna,1018P,Kardiološki pregled - prvi,1,-0.025,0.7957,110,0.1907,False,1.0,1.0,63.0
izhodiscna,1018P,Kardiološki pregled - prvi,2,0.0931,0.3355,109,0.1916,False,1.0,0.813,63.0
izhodiscna,1018P,Kardiološki pregled - prvi,3,0.0377,0.6986,108,0.1925,False,1.0,1.0,63.0
izhodiscna,1018P,Kardiološki pregled - prvi,4,-0.0081,0.9342,107,0.1933,False,1.0,0.9648,63.0
izhodiscna,1018P,Kardiološki pregled - prvi,5,0.0677,0.4906,106,0.1943,False,1.0,0.9659,63.0
izhodiscna,1018P,Kardiološki pregled - prvi,6,-0.0266,0.7875,105,0.1952,False,1.0,1.0,63.0
izhodiscna,1018P,Kardiološki pregled - prvi,7,-0.0251,0.8001,104,0.1961,False,1.0,1.0,63.0
izhodiscna,1018P,Kardiološki pregled - prvi,8,-0.0535,0.5917,103,0.1971,False,1.0,0.9809,63.0
izhodiscna,1941,UZ vratnih žil,0,0.0759,0.4283,111,0.1898,False,1.0,0.9303,63.0
izhodiscna,1941,UZ vratnih žil,1,-0.1115,0.246,110,0.1907,False,1.0,0.775,63.0
izhodiscna,1941,UZ vratnih žil,2,0.2384,0.0125,109,0.1916,True,0.79,0.395,63.0
izhodiscna,1941,UZ vratnih žil,3,0.0276,0.7771,108,0.1925,False,1.0,1.0,63.0
izhodiscna,1941,UZ vratnih žil,4,-0.1104,0.2577,107,0.1933,False,1.0,0.6764,63.0
izhodiscna,1941,UZ vratnih žil,5,0.0998,0.309,106,0.1943,False,1.0,0.7786,63.0
izhodiscna,1941,UZ vratnih žil,6,-0.1297,0.1874,105,0.1952,False,1.0,0.7869,63.0
izhodiscna,1941,UZ vratnih žil,7,0.1365,0.1672,104,0.1961,False,1.0,0.8779,63.0
izhodiscna,1941,UZ vratnih žil,8,-0.1134,0.2539,103,0.1971,False,1.0,0.7271,63.0
izhodiscna,1755,MR glave brez kontrasta,0,0.1759,0.0648,111,0.1898,False,1.0,1.0,63.0
izhodiscna,1755,MR glave brez kontrasta,1,-0.0222,0.8177,110,0.1907,False,1.0,0.9907,63.0
izhodiscna,1755,MR glave brez kontrasta,2,0.0481,0.6191,109,0.1916,False,1.0,1.0,63.0
izhodiscna,1755,MR glave brez kontrasta,3,0.1103,0.2556,108,0.1925,False,1.0,0.7001,63.0
izhodiscna,1755,MR glave brez kontrasta,4,0.0081,0.9342,107,0.1933,False,1.0,0.9809,63.0
izhodiscna,1755,MR glave brez kontrasta,5,0.2425,0.0122,106,0.1943,True,0.7713,0.7713,63.0
izhodiscna,1755,MR glave brez kontrasta,6,-0.1267,0.1977,105,0.1952,False,1.0,0.7325,63.0
izhodiscna,1755,MR glave brez kontrasta,7,0.1192,0.2279,104,0.1961,False,1.0,0.7558,63.0
izhodiscna,1755,MR glave brez kontrasta,8,-0.0652,0.5129,103,0.1971,False,1.0,0.9504,63.0
izhodiscna,1195,Operacija sive mrene (katarakte),0,-0.0239,0.8038,111,0.1898,False,1.0,0.9929,63.0
izhodiscna,1195,Operacija sive mrene (katarakte),1,-0.0647,0.5016,110,0.1907,False,1.0,0.9575,63.0
izhodiscna,1195,Operacija sive mrene (katarakte),2,0.1284,0.1834,109,0.1916,False,1.0,0.8253,63.0
izhodiscna,1195,Operacija sive mrene (katarakte),3,-0.0354,0.7162,108,0.1925,False,1.0,1.0,63.0
izhodiscna,1195,Operacija sive mrene (katarakte),4,-0.0176,0.8572,107,0.1933,False,1.0,1.0,63.0
izhodiscna,1195,Operacija sive mrene (katarakte),5,0.0175,0.8583,106,0.1943,False,1.0,0.9832,63.0
izhodiscna,1195,Operacija sive mrene (katarakte),6,0.043,0.6628,105,0.1952,False,1.0,1.0,63.0
izhodiscna,1195,Operacija sive mrene (katarakte),7,-0.0537,0.5882,104,0.1961,False,1.0,1.0,63.0
izhodiscna,1195,Operacija sive mrene (katarakte),8,0.0171,0.8636,103,0.1971,False,1.0,0.9716,63.0
izhodiscna,1626,Endoproteza kolena,0,0.0524,0.5848,111,0.1898,False,1.0,1.0,63.0
izhodiscna,1626,Endoproteza kolena,1,0.0076,0.9368,110,0.1907,False,1.0,0.9519,63.0
izhodiscna,1626,Endoproteza kolena,2,0.0539,0.578,109,0.1916,False,1.0,1.0,63.0
izhodiscna,1626,Endoproteza kolena,3,-0.0814,0.4021,108,0.1925,False,1.0,0.9046,63.0
izhodiscna,1626,Endoproteza kolena,4,0.0731,0.4542,107,0.1933,False,1.0,0.9538,63.0
izhodiscna,1626,Endoproteza kolena,5,-0.041,0.6765,106,0.1943,False,1.0,1.0,63.0
izhodiscna,1626,Endoproteza kolena,6,0.1125,0.253,105,0.1952,False,1.0,0.7591,63.0
izhodiscna,1626,Endoproteza kolena,7,-0.1907,0.0524,104,0.1961,False,1.0,1.0,63.0
izhodiscna,1626,Endoproteza kolena,8,0.1704,0.0852,103,0.1971,False,1.0,0.7672,63.0
izhodiscna,AGREGAT,Agregat,0,0.1482,0.1206,111,0.1898,False,1.0,0.7597,63.0
izhodiscna,AGREGAT,Agregat,1,-0.0107,0.9115,110,0.1907,False,1.0,0.9901,63.0
izhodiscna,AGREGAT,Agregat,2,-0.0328,0.735,109,0.1916,False,1.0,1.0,63.0
izhodiscna,AGREGAT,Agregat,3,-0.0863,0.3746,108,0.1925,False,1.0,0.874,63.0
izhodiscna,AGREGAT,Agregat,4,0.1621,0.0952,107,0.1933,False,1.0,0.7499,63.0
izhodiscna,AGREGAT,Agregat,5,-0.0108,0.9123,106,0.1943,False,1.0,0.9741,63.0
izhodiscna,AGREGAT,Agregat,6,0.0183,0.8526,105,0.1952,False,1.0,1.0,63.0
izhodiscna,AGREGAT,Agregat,7,0.1753,0.0751,104,0.1961,False,1.0,0.9465,63.0
izhodiscna,AGREGAT,Agregat,8,-0.0012,0.9901,103,0.1971,False,1.0,0.9901,63.0
delno_ocisceno,1010P,Dermatološki pregled - prvi,0,0.0735,0.4454,110,0.1907,False,1.0,0.8502,63.0
delno_ocisceno,1010P,Dermatološki pregled - prvi,1,0.1068,0.269,109,0.1916,False,1.0,0.7367,63.0
delno_ocisceno,1010P,Dermatološki pregled - prvi,2,-0.0632,0.5156,108,0.1925,False,1.0,0.8328,63.0
delno_ocisceno,1010P,Dermatološki pregled - prvi,3,-0.1205,0.2163,107,0.1933,False,1.0,0.6813,63.0
delno_ocisceno,1010P,Dermatološki pregled - prvi,4,0.1652,0.0906,106,0.1943,False,1.0,0.8158,63.0
delno_ocisceno,1010P,Dermatološki pregled - prvi,5,0.1311,0.1824,105,0.1952,False,1.0,0.6759,63.0
delno_ocisceno,1010P,Dermatološki pregled - prvi,6,-0.0569,0.5661,104,0.1961,False,1.0,0.8698,63.0
delno_ocisceno,1010P,Dermatološki pregled - prvi,7,0.0107,0.9142,103,0.1971,False,1.0,0.9599,63.0
delno_ocisceno,1010P,Dermatološki pregled - prvi,8,-0.0764,0.4456,102,0.198,False,1.0,0.8257,63.0
delno_ocisceno,1018P,Kardiološki pregled - prvi,0,0.0145,0.8807,110,0.1907,False,1.0,0.9404,63.0
delno_ocisceno,1018P,Kardiološki pregled - prvi,1,-0.0253,0.794,109,0.1916,False,1.0,0.9619,63.0
delno_ocisceno,1018P,Kardiološki pregled - prvi,2,0.1038,0.285,108,0.1925,False,1.0,0.7181,63.0
delno_ocisceno,1018P,Kardiološki pregled - prvi,3,0.044,0.6523,107,0.1933,False,1.0,0.8387,63.0
delno_ocisceno,1018P,Kardiološki pregled - prvi,4,-0.0238,0.8083,106,0.1943,False,1.0,0.943,63.0
delno_ocisceno,1018P,Kardiološki pregled - prvi,5,0.0714,0.4693,105,0.1952,False,1.0,0.7991,63.0
delno_ocisceno,1018P,Kardiološki pregled - prvi,6,0.0173,0.8612,104,0.1961,False,1.0,0.9519,63.0
delno_ocisceno,1018P,Kardiološki pregled - prvi,7,-0.0567,0.5694,103,0.1971,False,1.0,0.8541,63.0
delno_ocisceno,1018P,Kardiološki pregled - prvi,8,-0.0509,0.6115,102,0.198,False,1.0,0.8561,63.0
delno_ocisceno,1941,UZ vratnih žil,0,0.0813,0.3983,110,0.1907,False,1.0,0.8962,63.0
delno_ocisceno,1941,UZ vratnih žil,1,-0.0831,0.3902,109,0.1916,False,1.0,0.9456,63.0
delno_ocisceno,1941,UZ vratnih žil,2,0.1316,0.1747,108,0.1925,False,1.0,0.7339,63.0
delno_ocisceno,1941,UZ vratnih žil,3,0.1329,0.1723,107,0.1933,False,1.0,0.7752,63.0
delno_ocisceno,1941,UZ vratnih žil,4,-0.1391,0.1549,106,0.1943,False,1.0,0.8132,63.0
delno_ocisceno,1941,UZ vratnih žil,5,0.1204,0.2211,105,0.1952,False,1.0,0.6634,63.0
delno_ocisceno,1941,UZ vratnih žil,6,-0.0767,0.439,104,0.1961,False,1.0,0.8642,63.0
delno_ocisceno,1941,UZ vratnih žil,7,-0.0006,0.9953,103,0.1971,False,1.0,0.9953,63.0
delno_ocisceno,1941,UZ vratnih žil,8,-0.0164,0.8699,102,0.198,False,1.0,0.9449,63.0
delno_ocisceno,1755,MR glave brez kontrasta,0,0.1603,0.0943,110,0.1907,False,1.0,0.6604,63.0
delno_ocisceno,1755,MR glave brez kontrasta,1,0.0792,0.4129,109,0.1916,False,1.0,0.8971,63.0
delno_ocisceno,1755,MR glave brez kontrasta,2,-0.025,0.7972,108,0.1925,False,1.0,0.9476,63.0
delno_ocisceno,1755,MR glave brez kontrasta,3,0.1335,0.1705,107,0.1933,False,1.0,0.8261,63.0
delno_ocisceno,1755,MR glave brez kontrasta,4,-0.0227,0.8177,106,0.1943,False,1.0,0.9199,63.0
delno_ocisceno,1755,MR glave brez kontrasta,5,0.2786,0.004,105,0.1952,True,0.2521,0.2521,63.0
delno_ocisceno,1755,MR glave brez kontrasta,6,-0.0528,0.5942,104,0.1961,False,1.0,0.8705,63.0
delno_ocisceno,1755,MR glave brez kontrasta,7,0.0452,0.6503,103,0.1971,False,1.0,0.8536,63.0
delno_ocisceno,1755,MR glave brez kontrasta,8,-0.0418,0.6765,102,0.198,False,1.0,0.8524,63.0
delno_ocisceno,1195,Operacija sive mrene (katarakte),0,-0.0441,0.647,110,0.1907,False,1.0,0.8673,63.0
delno_ocisceno,1195,Operacija sive mrene (katarakte),1,-0.1038,0.283,109,0.1916,False,1.0,0.7427,63.0
delno_ocisceno,1195,Operacija sive mrene (katarakte),2,0.126,0.194,108,0.1925,False,1.0,0.6431,63.0
delno_ocisceno,1195,Operacija sive mrene (katarakte),3,-0.0799,0.4131,107,0.1933,False,1.0,0.8675,63.0
delno_ocisceno,1195,Operacija sive mrene (katarakte),4,0.0742,0.4499,106,0.1943,False,1.0,0.8099,63.0
delno_ocisceno,1195,Operacija sive mrene (katarakte),5,0.0462,0.6401,105,0.1952,False,1.0,0.8766,63.0
delno_ocisceno,1195,Operacija sive mrene (katarakte),6,0.0747,0.4514,104,0.1961,False,1.0,0.7899,63.0
delno_ocisceno,1195,Operacija sive mrene (katarakte),7,-0.0241,0.8091,103,0.1971,False,1.0,0.9268,63.0
delno_ocisceno,1195,Operacija sive mrene (katarakte),8,-0.2028,0.0409,102,0.198,True,1.0,0.5157,63.0
delno_ocisceno,1626,Endoproteza kolena,0,0.1291,0.179,110,0.1907,False,1.0,0.705,63.0
delno_ocisceno,1626,Endoproteza kolena,1,-0.0826,0.3933,109,0.1916,False,1.0,0.9177,63.0
delno_ocisceno,1626,Endoproteza kolena,2,0.1409,0.1458,108,0.1925,False,1.0,0.8351,63.0
delno_ocisceno,1626,Endoproteza kolena,3,-0.1124,0.2489,107,0.1933,False,1.0,0.7127,63.0
delno_ocisceno,1626,Endoproteza kolena,4,0.0775,0.4296,106,0.1943,False,1.0,0.8731,63.0
delno_ocisceno,1626,Endoproteza kolena,5,-0.0601,0.5428,105,0.1952,False,1.0,0.8549,63.0
delno_ocisceno,1626,Endoproteza kolena,6,0.1775,0.0714,104,0.1961,False,1.0,0.7495,63.0
delno_ocisceno,1626,Endoproteza kolena,7,-0.2569,0.0088,103,0.1971,True,0.5549,0.185,63.0
delno_ocisceno,1626,Endoproteza kolena,8,0.2445,0.0133,102,0.198,True,0.8353,0.2088,63.0
delno_ocisceno,AGREGAT,Agregat,0,0.0034,0.972,110,0.1907,False,1.0,0.9876,63.0
delno_ocisceno,AGREGAT,Agregat,1,-0.0507,0.6006,109,0.1916,False,1.0,0.8599,63.0
delno_ocisceno,AGREGAT,Agregat,2,0.0295,0.7621,108,0.1925,False,1.0,0.9414,63.0
delno_ocisceno,AGREGAT,Agregat,3,-0.1271,0.1921,107,0.1933,False,1.0,0.6722,63.0
delno_ocisceno,AGREGAT,Agregat,4,0.2643,0.0062,106,0.1943,True,0.3903,0.1951,63.0
delno_ocisceno,AGREGAT,Agregat,5,0.0642,0.5154,105,0.1952,False,1.0,0.8545,63.0
delno_ocisceno,AGREGAT,Agregat,6,0.0082,0.9338,104,0.1961,False,1.0,0.9644,63.0
delno_ocisceno,AGREGAT,Agregat,7,0.1637,0.0984,103,0.1971,False,1.0,0.6198,63.0
delno_ocisceno,AGREGAT,Agregat,8,0.1673,0.0928,102,0.198,False,1.0,0.7307,63.0
ocisceno,1010P,Dermatološki pregled - prvi,0,0.0719,0.4575,109,0.1916,False,1.0,0.9607,63.0
ocisceno,1010P,Dermatološki pregled - prvi,1,0.1054,0.2777,108,0.1925,False,1.0,0.8749,63.0
ocisceno,1010P,Dermatološki pregled - prvi,2,-0.0477,0.6259,107,0.1933,False,1.0,0.917,63.0
ocisceno,1010P,Dermatološki pregled - prvi,3,-0.1224,0.2113,106,0.1943,False,1.0,0.8321,63.0
ocisceno,1010P,Dermatološki pregled - prvi,4,0.1287,0.1906,105,0.1952,False,1.0,0.9237,63.0
ocisceno,1010P,Dermatološki pregled - prvi,5,0.1499,0.1289,104,0.1961,False,1.0,1.0,63.0
ocisceno,1010P,Dermatološki pregled - prvi,6,-0.0394,0.693,103,0.1971,False,1.0,0.9096,63.0
ocisceno,1010P,Dermatološki pregled - prvi,7,-0.0006,0.9956,102,0.198,False,1.0,0.9956,63.0
ocisceno,1010P,Dermatološki pregled - prvi,8,-0.0232,0.8177,101,0.199,False,1.0,0.954,63.0
ocisceno,1018P,Kardiološki pregled - prvi,0,0.0088,0.9274,109,0.1916,False,1.0,0.9578,63.0
ocisceno,1018P,Kardiološki pregled - prvi,1,-0.0176,0.8567,108,0.1925,False,1.0,0.9305,63.0
ocisceno,1018P,Kardiološki pregled - prvi,2,0.1002,0.3046,107,0.1933,False,1.0,0.8342,63.0
ocisceno,1018P,Kardiološki pregled - prvi,3,0.0522,0.5954,106,0.1943,False,1.0,1.0,63.0
ocisceno,1018P,Kardiološki pregled - prvi,4,-0.0289,0.77,105,0.1952,False,1.0,0.9512,63.0
ocisceno,1018P,Kardiološki pregled - prvi,5,0.0546,0.5821,104,0.1961,False,1.0,1.0,63.0
ocisceno,1018P,Kardiološki pregled - prvi,6,0.0297,0.7659,103,0.1971,False,1.0,0.9651,63.0
ocisceno,1018P,Kardiološki pregled - prvi,7,-0.0557,0.5779,102,0.198,False,1.0,1.0,63.0
ocisceno,1018P,Kardiološki pregled - prvi,8,-0.0502,0.6183,101,0.199,False,1.0,1.0,63.0
ocisceno,1941,UZ vratnih žil,0,0.0427,0.6593,109,0.1916,False,1.0,0.903,63.0
ocisceno,1941,UZ vratnih žil,1,-0.0479,0.6226,108,0.1925,False,1.0,0.9339,63.0
ocisceno,1941,UZ vratnih žil,2,0.1097,0.2605,107,0.1933,False,1.0,0.8636,63.0
ocisceno,1941,UZ vratnih žil,3,0.151,0.1223,106,0.1943,False,1.0,1.0,63.0
ocisceno,1941,UZ vratnih žil,4,-0.0718,0.4667,105,0.1952,False,1.0,0.9484,63.0
ocisceno,1941,UZ vratnih žil,5,-0.0188,0.8496,104,0.1961,False,1.0,0.939,63.0
ocisceno,1941,UZ vratnih žil,6,0.0494,0.6205,103,0.1971,False,1.0,0.9772,63.0
ocisceno,1941,UZ vratnih žil,7,-0.0899,0.369,102,0.198,False,1.0,0.8942,63.0
ocisceno,1941,UZ vratnih žil,8,0.0152,0.8804,101,0.199,False,1.0,0.9401,63.0
ocisceno,1755,MR glave brez kontrasta,0,0.1367,0.1563,109,0.1916,False,1.0,0.9844,63.0
ocisceno,1755,MR glave brez kontrasta,1,0.1231,0.2043,108,0.1925,False,1.0,0.8582,63.0
ocisceno,1755,MR glave brez kontrasta,2,-0.0242,0.8048,107,0.1933,False,1.0,0.975,63.0
ocisceno,1755,MR glave brez kontrasta,3,0.1272,0.1939,106,0.1943,False,1.0,0.8725,63.0
ocisceno,1755,MR glave brez kontrasta,4,-0.023,0.8157,105,0.1952,False,1.0,0.9696,63.0
ocisceno,1755,MR glave brez kontrasta,5,0.2738,0.0049,104,0.1961,True,0.3097,0.1549,63.0
ocisceno,1755,MR glave brez kontrasta,6,-0.0558,0.5755,103,0.1971,False,1.0,1.0,63.0
ocisceno,1755,MR glave brez kontrasta,7,0.048,0.6317,102,0.198,False,1.0,0.9045,63.0
ocisceno,1755,MR glave brez kontrasta,8,-0.0192,0.8487,101,0.199,False,1.0,0.9548,63.0
ocisceno,1195,Operacija sive mrene (katarakte),0,-0.048,0.6202,109,0.1916,False,1.0,1.0,63.0
ocisceno,1195,Operacija sive mrene (katarakte),1,-0.0963,0.3217,108,0.1925,False,1.0,0.8445,63.0
ocisceno,1195,Operacija sive mrene (katarakte),2,0.1043,0.2851,107,0.1933,False,1.0,0.8164,63.0
ocisceno,1195,Operacija sive mrene (katarakte),3,-0.0838,0.3929,106,0.1943,False,1.0,0.9169,63.0
ocisceno,1195,Operacija sive mrene (katarakte),4,0.1114,0.258,105,0.1952,False,1.0,0.9032,63.0
ocisceno,1195,Operacija sive mrene (katarakte),5,0.0437,0.6598,104,0.1961,False,1.0,0.8844,63.0
ocisceno,1195,Operacija sive mrene (katarakte),6,0.0492,0.6215,103,0.1971,False,1.0,0.955,63.0
ocisceno,1195,Operacija sive mrene (katarakte),7,-0.0783,0.434,102,0.198,False,1.0,0.9429,63.0
ocisceno,1195,Operacija sive mrene (katarakte),8,-0.1085,0.2803,101,0.199,False,1.0,0.8409,63.0
ocisceno,1626,Endoproteza kolena,0,0.1334,0.1668,109,0.1916,False,1.0,0.8758,63.0
ocisceno,1626,Endoproteza kolena,1,-0.0944,0.3312,108,0.1925,False,1.0,0.8347,63.0
ocisceno,1626,Endoproteza kolena,2,0.1367,0.1604,107,0.1933,False,1.0,0.9187,63.0
ocisceno,1626,Endoproteza kolena,3,-0.0801,0.4141,106,0.1943,False,1.0,0.9318,63.0
ocisceno,1626,Endoproteza kolena,4,0.0332,0.7364,105,0.1952,False,1.0,0.9468,63.0
ocisceno,1626,Endoproteza kolena,5,-0.01,0.9198,104,0.1961,False,1.0,0.9658,63.0
ocisceno,1626,Endoproteza kolena,6,0.1201,0.2267,103,0.1971,False,1.0,0.8402,63.0
ocisceno,1626,Endoproteza kolena,7,-0.2056,0.0382,102,0.198,True,1.0,0.4809,63.0
ocisceno,1626,Endoproteza kolena,8,0.2358,0.0176,101,0.199,True,1.0,0.3693,63.0
ocisceno,AGREGAT,Agregat,0,0.0592,0.5406,109,0.1916,False,1.0,1.0,63.0
ocisceno,AGREGAT,Agregat,1,-0.0588,0.5457,108,0.1925,False,1.0,1.0,63.0
ocisceno,AGREGAT,Agregat,2,0.0191,0.845,107,0.1933,False,1.0,0.9679,63.0
ocisceno,AGREGAT,Agregat,3,-0.1409,0.1496,106,0.1943,False,1.0,1.0,63.0
ocisceno,AGREGAT,Agregat,4,0.2846,0.0033,105,0.1952,True,0.2052,0.2052,63.0
ocisceno,AGREGAT,Agregat,5,0.0473,0.6338,104,0.1961,False,1.0,0.8874,63.0
ocisceno,AGREGAT,Agregat,6,0.0069,0.9451,103,0.1971,False,1.0,0.9603,63.0
ocisceno,AGREGAT,Agregat,7,0.218,0.0277,102,0.198,True,1.0,0.4368,63.0
ocisceno,AGREGAT,Agregat,8,0.1588,0.1126,101,0.199,False,1.0,1.0,63.0
