vzs_sifra,vzs_naziv,cak_zacetek,cak_konec,sprememba,sprememba_pct
1941,UZ vratnih žil,17932.0,28688.0,10756.0,60.0
1195,Operacija sive mrene (katarakte),11198.0,16139.0,4941.0,44.1
1010P,Dermatološki pregled - prvi,24345.0,29233.0,4888.0,20.1
1755,MR glave brez kontrasta,4958.0,7884.0,2926.0,59.0
1772,MR kolena,3039.0,5498.0,2459.0,80.9
1768,MR lumbosakralne hrbtenice,5910.0,8244.0,2334.0,39.5
2395P,Oromaksilofacialni pregled - prvi,18124.0,20431.0,2307.0,12.7
1033P,Ortopedski pregled - prvi,22786.0,24348.0,1562.0,6.9
2349,MRCP (pregled žolčnega sistema),1629.0,3106.0,1477.0,90.7
1765,MR rame,1779.0,3093.0,1314.0,73.9
1759,MR glave s KS,2604.0,3641.0,1037.0,39.8
1764,MR cervikalne hrbtenice,2718.0,3706.0,988.0,36.4
1725,CT trebušnih organov s KS,1584.0,2531.0,947.0,59.8
1713,CT prsnih organov brez KS,1665.0,2591.0,926.0,55.6
1724,CT prsnih organov s KS,1664.0,2515.0,851.0,51.1
1626,Endoproteza kolena,8603.0,9441.0,838.0,9.7
1943,UZ dojk obojestransko,2944.0,3775.0,831.0,28.2
1718,CT prsnega koša - pljuč HRCT,905.0,1602.0,697.0,77.0
1801,MR zgornjega abdomna s KS,322.0,1016.0,694.0,215.5
2352,MR male medenice s KS,782.0,1463.0,681.0,87.1
1056P,Alergološki pregled - prvi,3665.0,4307.0,642.0,17.5
1952,Usmerjen UZ srca,1973.0,2575.0,602.0,30.5
1931,UZ vratu,1849.0,2410.0,561.0,30.3
1040P,Psihiatrična obravnava - prva,3071.0,3630.0,559.0,18.2
2379,Operacija nosnega pretina,1169.0,1699.0,530.0,45.3
1773,MR gležnja,467.0,974.0,507.0,108.6
1805,MRA možganskega žilja - arterije TOF,845.0,1347.0,502.0,59.4
1771,MR kolka,723.0,1189.0,466.0,64.5
1774,MR stopala,436.0,898.0,462.0,106.0
1669,CT glave brez KS,955.0,1400.0,445.0,46.6
2359,CT srca - prikaz kalcinacij,60.0,503.0,443.0,738.3
1794,MR zgornjega abdomna,346.0,735.0,389.0,112.4
1750,CTA koronarnih arterij,1290.0,1676.0,386.0,29.9
1062P,Alergološki pregled otroka - prvi,4179.0,4561.0,382.0,9.1
2017,"Mamografija (vključuje odčitavanje slike, izključuje preventivno presejanje)",673.0,1034.0,361.0,53.6
1803,MR jeter s kontrastom,368.0,702.0,334.0,90.8
1342,Operacija kile,3604.0,3919.0,315.0,8.7
1756,MR obraza in drugo brez KS,128.0,428.0,300.0,234.4
1766,MR torakalne hrbtenice,743.0,1008.0,265.0,35.7
1729,CT urografija - KS,414.0,666.0,252.0,60.9
1758,MR multipla skleroza brez KS,582.0,819.0,237.0,40.7
1740,CTA aorto - cervikalna,333.0,563.0,230.0,69.1
1715,CT trebušnih organov brez KS,839.0,1060.0,221.0,26.3
1743,CTA možganskih arterij,232.0,452.0,220.0,94.8
1067P,Nevrološki pregled otroka - prvi,1633.0,1845.0,212.0,13.0
1770,MR roke,128.0,335.0,207.0,161.7
2181,Druge operacije obnosnih votlin v splošni anesteziji,211.0,416.0,205.0,97.2
2271,UZ skrotuma,870.0,1075.0,205.0,23.6
1852,RTG prstov rok,172.0,374.0,202.0,117.4
1769,MR zapestja,242.0,440.0,198.0,81.8
1301,PTCA (koronarna angiografija),1716.0,1912.0,196.0,11.4
1944,UZ dojk enostransko,200.0,395.0,195.0,97.5
1732,CTA torakalne aorte,231.0,415.0,184.0,79.7
2407,Druge ortopedske operacije gležnja in stopala,898.0,1080.0,182.0,20.3
1397,"Kolposkopija, vaginoskopija",984.0,1166.0,182.0,18.5
1611,Operacija discus hernie,376.0,545.0,169.0,44.9
1991,UZ mehkih tkiv,2602.0,2769.0,167.0,6.4
1741,CTA pelvičnih a. in a. spodnjih okončin,363.0,529.0,166.0,45.7
2175,Posegi na žrelnici in bobniču pri otrocih v splošni anesteziji,1047.0,1209.0,162.0,15.5
1795,MR medenice,542.0,703.0,161.0,29.7
2160,Lažji posegi v otorinolaringologiji v lokalni anesteziji,249.0,404.0,155.0,62.2
1742,CTA torakalne in abdominalne aorte,152.0,302.0,150.0,98.7
1776,MR skeleta brez KS - drugo,215.0,364.0,149.0,69.3
1053P,Diabetološki pregled - prvi,1615.0,1764.0,149.0,9.2
2182P,Ginekološki pregled (razen pregled nosečnic) na sekundarni ravni - prvi,2161.0,2310.0,149.0,6.9
2184P,Pregled ob neplodnosti - ženske - prvi,422.0,565.0,143.0,33.9
2173,Posegi na mandljih in žrelnici pri otrocih v splošni anesteziji,1172.0,1313.0,141.0,12.0
1799,MR trebušnih organov s KS,180.0,319.0,139.0,77.2
1241,Tonzilektomija/adenoidektomija,451.0,589.0,138.0,30.6
1674,CT obnosnih votlin brez KS,380.0,515.0,135.0,35.5
2351,MR male medenice,285.0,418.0,133.0,46.7
1747,CTA srca - prikaz kalcinacij,50.0,181.0,131.0,262.0
1471,Elektroencefalografija (EEG),594.0,719.0,125.0,21.0
1986,UZ kolka dojenčkov,773.0,893.0,120.0,15.5
1767,MR komolca,151.0,265.0,114.0,75.5
2108,Operacija hrbtenice - dekompresija,765.0,879.0,114.0,14.9
1781,MR lumbosakralne hrbtenice s KS,155.0,268.0,113.0,72.9
2373,Drugi posegi na bobniču in srednjem ušesu,293.0,401.0,108.0,36.9
2183P,Pregled ob neplodnosti - moški - prvi,194.0,300.0,106.0,54.6
1777,MR SIS (sakroliakalnega sklepa) brez KS,236.0,342.0,106.0,44.9
1733,CTA abdominalne aorte,197.0,299.0,102.0,51.8
1792,MR trebušnih organov,614.0,716.0,102.0,16.6
2329,PTA (perkutana transluminalna angioplastika),188.0,286.0,98.0,52.1
1149,Operacija karpalnega kanala,1258.0,1354.0,96.0,7.6
2166,Funkcionalni posegi v nosu v lokalni anesteziji,264.0,350.0,86.0,32.6
1676,CT glave s KS,183.0,265.0,82.0,44.8
1779,MR torakalne hrbtenice s KS,84.0,166.0,82.0,97.6
1778,MR cervikalne hrbtenice s KS,123.0,200.0,77.0,62.6
1264,Drugi oralni operativni posegi,2579.0,2653.0,74.0,2.9
1720,CT pljuč protokol lungcare,102.0,175.0,73.0,71.6
1625,Endoproteza rame delna (PEP)/totalna (TEP),345.0,415.0,70.0,20.3
1762,MR multipla skleroza s KS,196.0,265.0,69.0,35.2
1793,MR abdomna - drugo,341.0,405.0,64.0,18.8
1802,MR medenice s KS,330.0,393.0,63.0,19.1
1796,MR jeter,330.0,390.0,60.0,18.2
1164,Druge nevrokirurške operacije,27.0,86.0,59.0,218.5
1396,Ambulantna histeroskopija,519.0,573.0,54.0,10.4
1012P,Flebološki pregled - prvi,1273.0,1325.0,52.0,4.1
2178,Endoskopske operacije obnosnih votlin v splošni anesteziji,692.0,744.0,52.0,7.5
1800,MR abdomna s KS - drugo,141.0,190.0,49.0,34.8
1797,MR dojke,60.0,108.0,48.0,80.0
1804,MR dojke s KS,108.0,156.0,48.0,44.4
1606,"Operacija Dupuytrenove kontrakture (CD, fibromatoza dlančne fascije)",214.0,260.0,46.0,21.5
1685,CT lumbo - sakralne hrbtenice,95.0,141.0,46.0,48.4
1044P,Pregled ob odvajanju odvisnosti od alkohola - prvi,101.0,146.0,45.0,44.6
1933,UZ otroške glave,58.0,101.0,43.0,74.1
2168,Druge operacije nosu v lokalni anesteziji,880.0,923.0,43.0,4.9
2345,MR protokol epilepsija brez KS,60.0,102.0,42.0,70.0
1287,Aortokoronarni obvodi z menjavo srčne zaklopke,172.0,214.0,42.0,24.4
1807,MRA aorto - cervikalna TOF,29.0,71.0,42.0,144.8
1680,CT vratu s KS,64.0,101.0,37.0,57.8
1215,Miringotomija,18.0,55.0,37.0,205.6
1789,MR skeleta s KS - drugo,23.0,57.0,34.0,147.8
1063P,Revmatološki pregled otroka - prvi,105.0,139.0,34.0,32.4
1806,MRA možganskega žilja - vene TOF,12.0,45.0,33.0,275.0
1675,CT vratu brez KS,31.0,63.0,32.0,103.2
2383,"Drugi posegi v ustih, na nebu ali jezičku",347.0,378.0,31.0,8.9
2356,CT zapestja,29.0,59.0,30.0,103.4
2105,Revizijska operacija kolena,82.0,112.0,30.0,36.6
1763,MR vratu s KS,37.0,66.0,29.0,78.4
1176,Operacije na ščitnici in obščitnici,134.0,162.0,28.0,20.9
1688,CT kolkov,45.0,73.0,28.0,62.2
1808,MRA torakalne aorte TOF,23.0,50.0,27.0,117.4
2177,Funkcionalne estetske operacije nosu v splošni anesteziji,359.0,385.0,26.0,7.2
2162,Posegi na bobniču ali srednjem ušesu v lokalni anesteziji,251.0,276.0,25.0,10.0
1672,CT srednjega ušesa in temporalke,81.0,106.0,25.0,30.9
1757,MR vratu brez KS,79.0,103.0,24.0,30.4
1818,MRA torakalne aorte KS,28.0,51.0,23.0,82.1
1861,RTG stopala,293.0,315.0,22.0,7.5
2380,Posegi v nosnih sinusih,9.0,30.0,21.0,233.3
1693,CT gležnja,57.0,78.0,21.0,36.8
1683,CT cervikalne hrbtenice,33.0,52.0,19.0,57.6
1286,Menjava srčne zaklopke,19.0,38.0,19.0,100.0
1697,CT skeleta drugo - brez KS,21.0,40.0,19.0,90.5
1726,CT zgornjega abdomna s KS,59.0,77.0,18.0,30.5
1692,CT rame,71.0,88.0,17.0,23.9
1285,Aortokoronarni obvodi,28.0,45.0,17.0,60.7
1814,MRA TOF - drugo,35.0,51.0,16.0,45.7
1836,MRA srca in velikih žil - prikaz pretoka s KS,21.0,37.0,16.0,76.2
2347,MR multipla skleroza s KS s 3D,174.0,190.0,16.0,9.2
1812,MRA ekstremiteti ( vsaka okončina posebej ) TOF,6.0,21.0,15.0,250.0
1798,MR prsnega koša s KS,20.0,34.0,14.0,70.0
1687,CT skeleta medenice,12.0,26.0,14.0,116.7
1821,MRA pelvično žilje KS,4.0,17.0,13.0,325.0
1992,UZ preiskava ene bezgavčne lože,12.0,25.0,13.0,108.3
1853,RTG dlani,137.0,150.0,13.0,9.5
1042P,Pregled ob odvajanju odvisnosti od prepovedanih drog - prvi,10.0,23.0,13.0,130.0
2170,Mali posegi malignih sprememb v otorinolaringologiji v lokalni anesteziji,168.0,180.0,12.0,7.1
1681,CT skeleta okončin,49.0,60.0,11.0,22.4
2107,Vertebroplastika,11.0,22.0,11.0,100.0
1860,RTG prstov nog,27.0,37.0,10.0,37.0
1746,CTA venografija drugo,3.0,13.0,10.0,333.3
2358,CT jeter s KS - 4 faze,17.0,27.0,10.0,58.8
1151,Fenestracija hrbtenice,106.0,116.0,10.0,9.4
1870,RTG sakroiliakalnega sklepa - SIS,38.0,48.0,10.0,26.3
1815,MRA možganskega žilja - arterije KS,57.0,66.0,9.0,15.8
2163,Posegi na notranjem ušesu v lokalni anesteziji,2.0,11.0,9.0,450.0
1641,Osteosinteza cervikalne hrbtenice,5.0,13.0,8.0,160.0
2230,Ekscizija majhnih tumorjev v oralni kirurgiji,3.0,11.0,8.0,266.7
1786,MR kolena s KS,16.0,24.0,8.0,50.0
1785,MR kolka s KS,17.0,25.0,8.0,47.1
1734,CTA pelvičnih žil,53.0,60.0,7.0,13.2
1822,MRA pelvičnih a. In arterij spodnjih udov,15.0,22.0,7.0,46.7
1727,CT medeničnih organov s KS,6.0,13.0,7.0,116.7
1791,MR prsnega koša,79.0,85.0,6.0,7.6
1735,CTA zgornjih okončin,8.0,14.0,6.0,75.0
1921,Angiografija (brez koronarne angiografije),53.0,59.0,6.0,11.3
2346,MR protokol epilepsija s KS,11.0,17.0,6.0,54.5
2077,Odstranitev polipov,19.0,25.0,6.0,31.6
2072,Kriokauterizacija ali krioterapija (postopek v dermatologiji),40.0,46.0,6.0,15.0
1446,Plastični poseg na ožilju,10.0,16.0,6.0,60.0
1875,RTG trtice,16.0,21.0,5.0,31.2
1673,CT obraznih kosti,7.0,12.0,5.0,71.4
1866,RTG pogačice,8.0,13.0,5.0,62.5
2357,CT komolca,11.0,16.0,5.0,45.5
1291,Femoro - poplitealni obvod (bypass),14.0,18.0,4.0,28.6
1739,CTA selektivne angiografije,11.0,15.0,4.0,36.4
2106,Revizijska operacija ramena,2.0,6.0,4.0,200.0
1819,MRA abdominalne aorte KS,21.0,25.0,4.0,19.0
1787,MR gležnja s KS,4.0,8.0,4.0,100.0
1880,RTG prsnice (sternuma),11.0,15.0,4.0,36.4
1889,RTG abdomna,6.0,9.0,3.0,50.0
2353,MR srca in velikih žil brez KS,12.0,15.0,3.0,25.0
1717,CT medeničnih organov brez KS,11.0,13.0,2.0,18.2
1874,RTG hrbtenice v predelu L5 - S1,8.0,10.0,2.0,25.0
1784,MR roke s KS,8.0,10.0,2.0,25.0
1220,Miringoplastika,5.0,7.0,2.0,40.0
1809,MRA abdominalne aorte TOF,4.0,6.0,2.0,50.0
1736,CTA pljučnih arterij,41.0,42.0,1.0,2.4
1684,CT torakalne hrbtenice,37.0,38.0,1.0,2.7
2174,Posegi na žrelnici pri otrocih v splošni anesteziji,325.0,326.0,1.0,0.3
1303,Transkateterska embolizacija krvnih žil,48.0,49.0,1.0,2.1
1867,RTG stegnenice,17.0,18.0,1.0,5.9
1827,MRA trebuha s KS,1.0,2.0,1.0,100.0
1790,MR SIS (sakroliakalnega sklepa) s KS,13.0,14.0,1.0,7.7
1788,MR stopala s KS,30.0,31.0,1.0,3.3
1879,RTG reber,47.0,47.0,0.0,0.0
1691,CT kolena,59.0,59.0,0.0,0.0
2348,MR celotne hrbtenice,17.0,17.0,0.0,0.0
2376,Posegi na koščicah srednjega ušesa,5.0,5.0,0.0,0.0
1782,MR rame s KS,29.0,29.0,0.0,0.0
1783,MR zapestja s KS,8.0,8.0,0.0,0.0
2309,Druge ušesne operacije,297.0,297.0,0.0,0.0
1442,Poseg na žrelu,3.0,3.0,0.0,0.0
1664,Poseg na jeziku,5.0,4.0,-1.0,-20.0
1288,Operacije prirojenih srčnih napak,7.0,6.0,-1.0,-14.3
1716,CT zgornjega abdomna brez KS,16.0,15.0,-1.0,-6.2
1816,MRA možganskega žilja - vene KS,9.0,7.0,-2.0,-22.2
1881,RTG glave,5.0,3.0,-2.0,-40.0
1722,CT širokega črevesa brez KS,6.0,4.0,-2.0,-33.3
1817,MRA aorto - cervikalna KS,15.0,12.0,-3.0,-20.0
2237,Zdravljenje recesije dlesni,7.0,4.0,-3.0,-42.9
1670,CT orbit brez KS,10.0,7.0,-3.0,-30.0
2372,Posegi v zunanjem ušesu,25.0,21.0,-4.0,-16.0
2378,Vstavitev/odstranitev kohlearnega implanta,20.0,16.0,-4.0,-20.0
1862,RTG petnice,152.0,148.0,-4.0,-2.6
1876,RTG ključnice,12.0,7.0,-5.0,-41.7
1707,CT artrografija rame s KS,31.0,26.0,-5.0,-16.1
1887,RTG spodnje čeljusti (mandibule),13.0,8.0,-5.0,-38.5
1730,CT širokega črevesa s KS,19.0,13.0,-6.0,-31.6
1308,Druge operacije na arterijah,124.0,118.0,-6.0,-4.8
1290,Operacija abdominalne aorte (anevrizma ali okluzija),55.0,49.0,-6.0,-10.9
1749,CTA srca - prikaz funkcije,11.0,5.0,-6.0,-54.5
2176,Operacije malignih tumorjev v otorinolaringologiji v splošni anesteziji,25.0,18.0,-7.0,-28.0
1679,CT obnosnih votlin s KS,32.0,25.0,-7.0,-21.9
2284,RTG celotne hrbtenice,91.0,84.0,-7.0,-7.7
1719,CT abdomna brez KS - drugo,251.0,243.0,-8.0,-3.2
1152,Operacija tumorja na hrbtenici,20.0,12.0,-8.0,-40.0
1748,CTA srca - prikaz morfoloških struktur,57.0,49.0,-8.0,-14.0
2384,Drugi posegi v nosu,68.0,60.0,-8.0,-11.8
1985,UZ kolka novorojenčkov,113.0,103.0,-10.0,-8.8
1608,Endoproteza gležnja,43.0,32.0,-11.0,-25.6
1869,RTG medenice,424.0,413.0,-11.0,-2.6
2171,Lažji posegi v otorinolaringologiji v splošni anesteziji,40.0,28.0,-12.0,-30.0
1854,RTG zapestja,111.0,99.0,-12.0,-10.8
1402,"Biopsija vulve, perineja in/ali nožnice",19.0,7.0,-12.0,-63.2
2233,Obravnava bolezni slinavk,17.0,5.0,-12.0,-70.6
2165,Posegi na mandljih v lokalni anesteziji,18.0,4.0,-14.0,-77.8
1864,RTG goleni,29.0,15.0,-14.0,-48.3
1882,RTG sinusov,33.0,18.0,-15.0,-45.5
1292,Tea ACI,91.0,76.0,-15.0,-16.5
1858,RTG nadlahti,24.0,5.0,-19.0,-79.2
1863,RTG gležnja,152.0,132.0,-20.0,-13.2
2104,Revizijska operacija kolka,110.0,86.0,-24.0,-21.8
2172,Posegi na mandljih pri odrasli v splošni anesteziji,606.0,579.0,-27.0,-4.5
1857,RTG komolca,76.0,48.0,-28.0,-36.8
1872,RTG torakalne hrbtenice,196.0,168.0,-28.0,-14.3
2350,MR enterografija,111.0,80.0,-31.0,-27.9
2161,Posegi na ušesu v lokalni anesteziji,53.0,19.0,-34.0,-64.2
1604,Ortopedska operacija rame,529.0,480.0,-49.0,-9.3
1865,RTG kolena,951.0,896.0,-55.0,-5.8
1868,RTG kolka,570.0,502.0,-68.0,-11.9
2006,Artroskopija kolena (diagnostična in terapevtska),2253.0,2178.0,-75.0,-3.3
1624,Endoproteza kolka delna (PEP)/totalna (TEP),5284.0,5199.0,-85.0,-1.6
1011P,Venerološki pregled - prvi,405.0,318.0,-87.0,-21.5
1859,RTG rame,458.0,364.0,-94.0,-20.5
1832,MR srca - prikaz funkcije brez KS,234.0,136.0,-98.0,-41.9
1983,UZ sklepa,1122.0,1012.0,-110.0,-9.8
1871,RTG cervikalne hrbtenice,361.0,251.0,-110.0,-30.5
1873,RTG lumbosakralne hrbtenice,859.0,746.0,-113.0,-13.2
1834,MR srca - prikaz funkcije s KS,636.0,522.0,-114.0,-17.9
1293,Druge žilne operacije (razen arterije),417.0,292.0,-125.0,-30.0
1938,Doppler ehografija,136.0,6.0,-130.0,-95.6
1831,MR srca - prikaz morfoloških struktur brez KS,270.0,134.0,-136.0,-50.4
1265,Posegi v grlu,630.0,485.0,-145.0,-23.0
1057P,Kardiološki pregled otroka - prvi,1336.0,1153.0,-183.0,-13.7
2109,Operacija hrbtenice - spondilodeza,1435.0,1242.0,-193.0,-13.4
1833,MR srca - prikaz morfoloških struktur s KS,804.0,600.0,-204.0,-25.4
2338P,Urološki pregled otroka - prvi,681.0,448.0,-233.0,-34.2
1327,Operacija žolčnih kamnov,2041.0,1776.0,-265.0,-13.0
1607,Operacija nožnega palca (hallux),3026.0,2739.0,-287.0,-9.5
1045P,Revmatološki pregled - prvi,5870.0,5581.0,-289.0,-4.9
1888,RTG pc,1455.0,1090.0,-365.0,-25.1
1310,Sklerozacija krčnih žil,1331.0,892.0,-439.0,-33.0
1400,"Odvzem tkivnega vzorca za histopatološko diagnostiko predrakavih/rakavih sprememb materničnega vratu (biopsija, odščip)",515.0,75.0,-440.0,-85.4
1760,MR obraza in drugo s KS,764.0,217.0,-547.0,-71.6
1472,Nevromišična elektrodiagnostika (tudi elektromiografija EMG),10445.0,9654.0,-791.0,-7.6
1930P,Okulistični pregled zaradi očal - prvi,5491.0,4667.0,-824.0,-15.0
1050P,Urološki pregled - prvi,7293.0,6182.0,-1111.0,-15.2
1026P,Nevrološki pregled - prvi,12526.0,11121.0,-1405.0,-11.2
1311,Operacija krčnih žil,7579.0,6095.0,-1484.0,-19.6
1018P,Kardiološki pregled - prvi,19129.0,16912.0,-2217.0,-11.6
